data_source,test_id,device_id,test_date,request_received_date
android,8005019D1EBF4DF58749AAEFC79A417A,426725636,2023-12-17 22:27:40,2024-12-02 07:01:06
android,2C11D5ACEFB249DB9A81BDEBED72A425,426725636,2023-11-27 04:16:09,2024-12-02 07:01:06
android,10DA0A67789A4364A8109AEEE302B4A6,426725636,2023-11-27 03:57:05,2024-12-02 07:01:06
android,6794AD10F2084842B43DD0E7ECDA2993,426725636,2023-11-27 03:53:57,2024-12-02 07:01:06
android,C4045EBE80D6464292987DE152D72679,426725636,2023-11-11 20:22:28,2024-12-02 07:01:06
android,A2BAC413625042DFBC760296B821DB1B,426725636,2023-09-27 02:30:20,2024-12-02 07:01:06
android,7F25C76644CC4860847B32C65EB12F45,426725636,2023-09-26 10:19:16,2024-12-02 07:01:06
android,B4F143377B884E01B861400B4680CAB5,426725636,2023-09-26 10:17:41,2024-12-02 07:01:06
android,8C60D7740F4146418DEDA8BBE1731781,426725636,2023-09-26 10:17:30,2024-12-02 07:01:06
android,8FD29FD7DD904EE28169FB2C99AA3000,426725636,2023-09-07 02:09:40,2024-12-02 07:01:06
android,56B86B7FAA184246ADE138D421A0AA8B,426725636,2023-09-06 21:03:22,2024-12-02 07:01:06
android,5BC507418F30408DB60D2AE32DF26833,426725636,2023-09-06 20:39:34,2024-12-02 07:01:06
android,06C0AC258AE84313BC7481E1BFDB4DD4,426725636,2023-08-11 00:17:59,2024-12-02 07:01:06
android,624FB77979364C5C8C2BC160673F6E63,426725636,2023-08-11 00:17:13,2024-12-02 07:01:06
android,03889F1E4ADD460385B4F8446DED8169,426725636,2023-08-10 23:39:39,2024-12-02 07:01:06
android,869A28F6BD4144DE8C702C2C5B3136D4,426725636,2023-08-10 23:39:10,2024-12-02 07:01:06
android,27F39F05E48643769B6FE834095C19BD,426725636,2023-08-04 11:54:43,2024-12-02 07:01:06
android,562EF3A17A9440A89E3D53F512FAC191,426725636,2023-08-04 11:54:41,2024-12-02 07:01:06
android,9DDA819D2DD24A5A9EFF9488D8A6C78C,426725636,2023-08-04 11:46:58,2024-12-02 07:01:06
android,18BBB80780EC4B6DBFDF077E71E117D6,426725636,2023-08-04 07:18:34,2024-12-02 07:01:06
android,71C80C5E1DE74F489D57000F680A268E,426725636,2023-08-04 07:07:07,2024-12-02 07:01:06
android,20CD60CE53FD4C6BAB689C8214521DAD,426725636,2023-05-30 01:30:25,2024-12-02 07:01:06
android,287B6FA399A54B15ADA28ECB8BF981EC,426725636,2023-05-30 01:23:10,2024-12-02 07:01:06
android,8E9C3DEA6B634E33A3DAAF10970F21F2,426725636,2023-05-29 22:17:35,2024-12-02 07:01:06
android,6B05E59885FF4311AD6252892D896251,426725636,2023-04-30 05:46:29,2024-12-02 07:01:06
android,65A0E6BCC18A415D9840CABC25B166D6,426725636,2023-04-30 05:46:01,2024-12-02 07:01:06
android,61A526CF70F643E4A6BB9F653BA14D0F,426725636,2023-04-30 05:43:41,2024-12-02 07:01:06
android,B7F7F11BE21440EB835C66B5E4E26360,426725636,2023-02-26 14:56:58,2024-12-02 07:01:06
android,C410188FD7824547B4B7E1B0E2F6C6A5,426725636,2023-02-26 13:52:41,2024-12-02 07:01:06
android,0006DE337FF941F5B443F6DECA6670F9,426725636,2023-02-26 13:52:14,2024-12-02 07:01:06
android,13AE25D902DB446A9316317A25B293AF,426725636,2023-02-16 01:41:45,2024-12-02 07:01:06
android,38A58CAD5F2A44D2BADCDCB571C37C96,426725636,2023-02-15 07:13:01,2024-12-02 07:01:06
android,3B91131DEB1744CABFE955AC9DB63771,426725636,2023-02-15 07:12:55,2024-12-02 07:01:06
android,4AD8315BEAF846F59C417059309630D3,426725636,2023-02-15 02:23:42,2024-12-02 07:01:06
android,627C94FB74DF4D6F8E66CD764984849A,426725636,2023-02-04 15:53:08,2024-12-02 07:01:06
android,1690B444038646DE827E9B19279B09EC,427259367,2023-12-09 14:58:43,2024-12-02 07:01:06
android,CB249CBD72C94623B8CC61143484E5EF,427259367,2023-11-17 01:19:08,2024-12-02 07:01:06
android,C85504BD97A64963B293F1146CDCA50F,427259367,2023-11-03 02:23:33,2024-12-02 07:01:06
android,C1AFFBFA9556488BBD6473DF847DC3C0,427259367,2023-10-24 00:10:01,2024-12-02 07:01:06
android,DBB441C560D84CE6B31143AF2EC5AA2E,427259367,2023-10-23 20:30:45,2024-12-02 07:01:06
android,A407C26ABE58449D84FB931CF5AB65C1,427259367,2023-10-21 01:58:46,2024-12-02 07:01:06
android,82225865E9914431B0432354E319B474,427259367,2023-10-21 01:32:07,2024-12-02 07:01:06
android,8C0DC89235D343D383A84161055C6288,427259367,2023-10-21 01:17:03,2024-12-02 07:01:06
android,0DEB189244364D9FAE9C1B82AF6F7DCF,427259367,2023-10-20 22:37:25,2024-12-02 07:01:06
android,20946F4C9D8C40108725D279A9CAB8E9,427259367,2023-09-19 10:47:45,2024-12-02 07:01:06
android,2C4CF1D880694562A7DBF7553EF8D76B,427259367,2023-09-19 09:52:47,2024-12-02 07:01:06
android,A9286A51E4804C3A90139986C145D7AD,427259367,2023-09-19 09:52:37,2024-12-02 07:01:06
android,D80CA19D3B7E4AB1911B7A6F283C745C,427259367,2023-09-19 09:27:49,2024-12-02 07:01:06
android,1A4F7A97620E4D368C9BAF529C63FC22,427259367,2023-09-18 20:11:03,2024-12-02 07:01:06
android,B1EE9631F92B4A40BA4A8248ADD38014,427259367,2023-08-30 00:46:28,2024-12-02 07:01:06
android,A38C63EDFA324254B18CB5C9F8914442,427259367,2023-08-29 18:10:06,2024-12-02 07:01:06
android,41855A764B604014BA476B1CD03D4152,427259367,2023-08-25 06:26:44,2024-12-02 07:01:06
android,43CD9EE50BF345B9B8499FFD2C4EEB72,427259367,2023-08-06 12:54:35,2024-12-02 07:01:06
android,D2E1AE77175B4A6C943C9852773A21E9,427259367,2023-08-06 12:31:51,2024-12-02 07:01:06
android,D2DF0DC1705446929D9A295F44241803,427259367,2023-08-04 07:02:30,2024-12-02 07:01:06
android,64D42A08BA5545DDB172340A1C1A8FF9,427259367,2023-08-04 06:59:09,2024-12-02 07:01:06
android,AC0E3DBE091D45D2BD98D1440DDBB11C,427259367,2023-08-04 02:41:56,2024-12-02 07:01:06
android,DDC4EA57B2EA484C95D31793208FFB9F,427259367,2023-08-04 01:08:26,2024-12-02 07:01:06
android,400781409F2B431D966CE9B1450E6A44,427259367,2023-06-28 10:44:28,2024-12-02 07:01:06
android,EC22826412E3424DBF4E9FC7CE651418,427259367,2023-06-24 03:10:37,2024-12-02 07:01:06
android,D38BCC35C8574DCABE7A12B81DD9307E,427259367,2023-06-24 02:27:33,2024-12-02 07:01:06
android,3D2DCC401BB745969C338DF88A8BD344,427259367,2023-06-20 20:12:13,2024-12-02 07:01:06
android,DCF8F45D325E4AD1A09926D8A6F7E9B0,427259367,2023-06-20 19:30:55,2024-12-02 07:01:06
android,BD012DC42B094B5CA64270C909D052B6,427259367,2023-06-20 18:13:03,2024-12-02 07:01:06
android,A0972EDB9F7945BFA47EC67619843ED3,427259367,2023-06-20 18:12:45,2024-12-02 07:01:06
android,DB09D99C6ADE4046BD62C680A25BF2F6,427259367,2023-05-30 22:19:06,2024-12-02 07:01:06
android,8B2BEDC979A24EE1A4E68D9FCBF54581,427259367,2023-05-30 22:18:52,2024-12-02 07:01:06
android,F70F0FD945B34DAF8516D0C37BCE9B66,427259367,2023-05-30 22:14:02,2024-12-02 07:01:06
android,9E4DAE5BCDBD4C1AA68152AA3B6DA54C,427259367,2023-05-30 22:07:03,2024-12-02 07:01:06
android,3DC74949296D4DE9840F34B43B59519E,427259367,2023-05-30 02:31:34,2024-12-02 07:01:06
android,D92B9BA6EBB04D3A861F98F809592C5E,427259367,2023-05-30 02:10:31,2024-12-02 07:01:06
android,13A6202E0D1A47D98B52D613F508C9F2,427259367,2023-05-29 15:41:14,2024-12-02 07:01:06
android,C8BB763DDCB744938DDAE68E74D6FB25,427259367,2023-04-30 05:54:36,2024-12-02 07:01:06
android,09E8F1448AC346818351DA14159639AE,427259367,2023-04-30 05:52:24,2024-12-02 07:01:06
android,748A769F84114CAEB155EC04CAFEF8DF,427259367,2023-04-20 22:19:08,2024-12-02 07:01:06
android,F364AD7E527E49A18B84CCEB6CD5A910,427259367,2023-04-17 01:01:28,2024-12-02 07:01:06
android,93818923B2614CA49A49E739E1872ECC,427259367,2023-04-08 00:58:20,2024-12-02 07:01:06
android,15FD6C9EE17048D88589270F11885B16,427259367,2023-04-08 00:57:30,2024-12-02 07:01:06
android,4B7DD45502CF4BBBB8E9A88682834222,427259367,2023-04-08 00:57:25,2024-12-02 07:01:06
android,87B3997280EF4943AA43A5DD8031F095,427259367,2023-04-07 04:35:32,2024-12-02 07:01:06
android,5B1704DAF570406B93BB32C346A68041,427259367,2023-04-07 04:14:32,2024-12-02 07:01:06
android,B19A71AE62A941CEB7E1AF3C22D8C58D,427259367,2023-04-07 03:07:29,2024-12-02 07:01:06
android,4ECB39B057284B30A682157A2C2460F8,427259367,2023-04-06 22:18:57,2024-12-02 07:01:06
android,C0C1CF3E625E4E6DBEA0395D03C77808,427259367,2023-04-05 06:31:03,2024-12-02 07:01:06
android,E5C7ED8E769444709CE6A1B01456D82B,427259367,2023-04-05 03:41:34,2024-12-02 07:01:06
android,8A3DEB4B9AAF4781A685C6E9552562D5,427259367,2023-04-05 01:10:03,2024-12-02 07:01:06
android,B75D531C43294056BAE349AEA000ACF3,427259367,2023-04-05 01:09:49,2024-12-02 07:01:06
android,9C02300384234B26B6B9A64E328163D9,427259367,2023-04-05 00:46:07,2024-12-02 07:01:06
android,446C29D1CE79416688D1166A54BF2570,427259367,2023-04-04 01:01:32,2024-12-02 07:01:06
android,CC9C649EC378424C99E24133E1A708F7,427259367,2023-04-03 19:55:36,2024-12-02 07:01:06
android,A1C2678C9AE04D13965C9E82EFFFDE8E,427259367,2023-04-03 19:55:32,2024-12-02 07:01:06
android,974B3786DD354F759DCDB99F06E350C5,427259367,2023-04-02 04:04:45,2024-12-02 07:01:06
android,B464ABF974614783AF5F4B2B2140F556,427259367,2023-04-02 03:33:04,2024-12-02 07:01:06
android,DD0FDCE3FDCB4B27BE6A35DAA88B609B,427259367,2023-04-02 01:22:06,2024-12-02 07:01:06
android,649D9D564AD84719A6F40C15310F5735,427259367,2023-03-31 01:40:14,2024-12-02 07:01:06
android,D889B64EF8AF4F15A0EC6B95538BDFD1,427259367,2023-03-31 00:59:25,2024-12-02 07:01:06
android,703BAF092F8D45B8A5D255C1B7B04D89,427259367,2023-03-31 00:58:22,2024-12-02 07:01:06
android,28D3837FE4BB48AAB33EFE4DDA63A615,427259367,2023-03-30 16:38:58,2024-12-02 07:01:06
android,FE1C992DCE3944A9A175C0FA8317D13C,427259367,2023-03-30 16:38:55,2024-12-02 07:01:06
android,5FB13E4F7668494AB4FF9ABE365A974B,427259367,2023-03-30 10:28:02,2024-12-02 07:01:06
android,33DE04B4E344404F9C3B8577C46F5E09,427259367,2023-03-30 02:09:05,2024-12-02 07:01:06
android,10485C8EB59F416C9A0B4EF6F868879C,427259367,2023-03-29 22:19:57,2024-12-02 07:01:06
android,3D8C80BC5D95494CB2C965ED7195D4D0,427259367,2023-03-29 22:19:46,2024-12-02 07:01:06
android,0003EBC4744848D8B081F2B2BD1B1917,427259367,2023-02-26 16:28:04,2024-12-02 07:01:06
android,E4C16A9969EF4BCC80A84D7D1494864D,427259367,2023-02-26 16:03:11,2024-12-02 07:01:06
android,293C146953DD4CAEAD58D0B95BC34882,427259367,2023-02-23 10:08:06,2024-12-02 07:01:06
android,B9376CEF282D4067A31576A88FE18134,427259367,2023-02-23 09:48:49,2024-12-02 07:01:06
android,CEC4BE95D1894929AD1562A84F41B2A0,427259367,2023-02-23 07:21:12,2024-12-02 07:01:06
android,B8B99F967C584FDF8331773EF25AA532,427259367,2023-02-23 07:13:12,2024-12-02 07:01:06
android,03BBE3FBE87D45CCAE3C2650ECC907B2,427259367,2023-02-23 06:30:13,2024-12-02 07:01:06
android,6C2D30DF036C476381CAF74D7BA723EB,427259367,2023-02-23 05:47:17,2024-12-02 07:01:06
android,855F8D29B2AC4F4DA6860AAD88A7D41B,427259367,2023-02-23 05:14:21,2024-12-02 07:01:06
android,3D66177A09E64A86ADD3B9F1E93A4307,427259367,2023-02-22 20:02:35,2024-12-02 07:01:06
android,BA86FE324BD443168205266C9461EDA9,427259367,2023-02-16 01:59:43,2024-12-02 07:01:06
android,FB7BBC6045BF41F3857C8968279EE5BD,427259367,2023-02-15 02:17:24,2024-12-02 07:01:06
android,7E7ADA5833B54952B508AAEF44DC5BFA,427259367,2023-02-10 21:36:40,2024-12-02 07:01:06
android,345CE1AE9DBC49DA8B20FCB29A29A6BA,427259367,2023-02-04 21:27:48,2024-12-02 07:01:06
android,7A5B3B254E0F4E23BE895C1E6BB718BC,428429436,2024-10-12 17:44:47,2024-12-02 07:01:06
android,5C771F143EE5490F8EBD994B9B349764,428429436,2024-10-12 17:44:33,2024-12-02 07:01:06
android,F5E5B6793F95499E9CD29ACA9F4BAEFF,428429436,2024-10-12 17:43:45,2024-12-02 07:01:06
android,6B0F9C8989DE43E6A72C85DA9D9379BE,428429436,2024-10-12 17:39:56,2024-12-02 07:01:06
android,CEB0F43FE9C84C979CA5585E925F50B8,428429436,2024-10-12 17:38:52,2024-12-02 07:01:06
android,97BE40420F6249D9AE0D554850187637,428429436,2024-10-12 17:38:33,2024-12-02 07:01:06
android,C0694B4F3DD0439BA5C42A8974DAEF13,428429436,2024-10-12 17:38:26,2024-12-02 07:01:06
android,426D7BC30B984809B093EF958D6D975C,428429436,2024-10-12 17:21:39,2024-12-02 07:01:06
android,3DF2770EA64144359ED59C06024066F5,428429436,2024-04-11 04:08:52,2024-12-02 07:01:06
android,494438A96AAF4390905CEE5FE280B9BB,428429436,2024-04-11 02:09:57,2024-12-02 07:01:06
android,56BCC2C861224EABBB33C969D1BEDF12,428429436,2024-01-28 21:02:54,2024-12-02 07:01:06
android,8D6AB61BC51F4D1497612C50837172FC,428429436,2024-01-28 19:08:43,2024-12-02 07:01:06
android,4B35EC33D8DA40459F74BEA937EBA96C,428429436,2023-12-09 02:47:49,2024-12-02 07:01:06
android,00E0BC903379484CA8935E2369341B32,428429436,2023-11-27 09:42:28,2024-12-02 07:01:06
android,E712D3221E7D45BBA455741B875DBF42,428429436,2023-11-27 09:41:47,2024-12-02 07:01:06
android,11B7871F6EED4240B33A43FD28624C5E,428429436,2023-11-27 08:11:40,2024-12-02 07:01:06
android,C44F323A5AC34121B0BE1D23A659E16A,428429436,2023-11-17 10:38:00,2024-12-02 07:01:06
android,4E30926C1C5B4461BBB6B35C8A54FB11,428429436,2023-08-29 18:07:26,2024-12-02 07:01:06
android,B65EAD5A9F9F4868839DF29797F622BE,428429436,2023-08-29 17:56:03,2024-12-02 07:01:06
android,F390D0CB433A4CA79E1D65759F59E4C4,428429436,2023-08-27 05:53:10,2024-12-02 07:01:06
android,F0AB4AA8FA9B46F089C9657545D0D67C,428429436,2023-08-25 15:19:59,2024-12-02 07:01:06
android,0A34A1CA4BC847E1A01FF9A39A090ABD,428429436,2023-08-25 09:30:34,2024-12-02 07:01:06
android,1182818CD444431E8E7913C5A998822B,428429436,2023-08-25 09:30:08,2024-12-02 07:01:06
android,BE593955BC754E749153281E398678F4,428429436,2023-08-25 08:40:17,2024-12-02 07:01:06
android,AE567C48761D4B71B3DFB632FF79F153,428429436,2023-08-25 08:29:52,2024-12-02 07:01:06
android,F1953851E1104D159C7CE4C429BB86AC,428429436,2023-08-06 09:27:00,2024-12-02 07:01:06
android,AA209AFE8DFF43479ED3E4F987198633,428429436,2023-08-04 11:59:29,2024-12-02 07:01:06
android,EC6528C89D244627B478A704F3DD7C8A,428429436,2023-02-27 04:00:45,2024-12-02 07:01:06
android,C39313CD959143B2AB25437255EDEF2A,428429436,2023-02-26 23:35:26,2024-12-02 07:01:06
android,8A663C9EDD0343CE9F54E2A8CB2A6336,428429436,2023-02-26 18:33:57,2024-12-02 07:01:06
android,6B97862CA0A94057913B1621882871AC,428429436,2023-02-26 17:10:30,2024-12-02 07:01:06
android,E0A54587E4E5469F834BFE70295D83F8,428429436,2023-02-26 16:42:16,2024-12-02 07:01:06
android,DF72BADE74F64E9D8D17E095F6DBA375,428429436,2023-02-26 16:41:34,2024-12-02 07:01:06
android,5AFED62F6D9F428AA185C8969D0CFE83,428429436,2023-02-26 16:41:29,2024-12-02 07:01:06
android,816ED527422A407F9637BAD7686E63D8,455077874,2023-11-23 23:45:02,2024-12-02 07:01:06
android,97262ECF696E4384B2E914594ADE819E,455077874,2023-11-12 00:20:35,2024-12-02 07:01:06
android,90670BD4A9A246F3901BA3233421E195,455077874,2023-11-11 23:10:39,2024-12-02 07:01:06
android,A55911B02E6244BE8F44A7FA82653934,455077874,2023-11-11 22:51:59,2024-12-02 07:01:06
android,DF3C8E7A91FA411C9F5762A5B103A04A,455077874,2023-11-11 22:51:37,2024-12-02 07:01:06
android,92978D4E6E8F4C399DB3760B01DEC063,455077874,2023-11-11 22:49:03,2024-12-02 07:01:06
android,A7CDE1ED23A248C8AF98830E12A82B58,455077874,2023-11-11 21:24:14,2024-12-02 07:01:06
android,3CE9FDFDBE15479DB2D6BB6BB5435CB3,483864104,2024-12-13 14:54:36,2024-12-02 07:01:06
android,E48929FF23D541E79909960277AAA10F,483864104,2024-12-11 22:39:03,2024-12-02 07:01:06
android,D6BEFB50B0E94BD3828534C6EF7A64EA,483864104,2024-12-02 13:08:29,2024-12-02 07:01:06
android,44441CAB3C724790B09840871F8FAA99,483864104,2024-12-02 06:38:16,2024-12-02 07:01:06
android,BFBE12B27E74488EABA0A3642635CEBD,483864104,2024-12-02 06:37:45,2024-12-02 07:01:06
android,60024AC53A4C4E0E9C76D1F93C2D2AC5,483864104,2024-11-11 04:49:30,2024-12-02 07:01:06
android,D809915209F045A4A6417F8E7E49805B,483864104,2024-10-13 01:34:34,2024-12-02 07:01:06
android,4D04B7C16FCF44889E7F93074A13EACB,483864104,2024-10-12 22:33:07,2024-12-02 07:01:06
android,4C72DE0220104DFCAB2BE74D64633244,483864104,2024-10-12 22:32:55,2024-12-02 07:01:06
android,50F3798476E2400D9CB29AE6F7412CCB,483864104,2024-10-12 19:53:50,2024-12-02 07:01:06
android,D44DCDF1E3A444779D4B4273EAAB7FF8,483864104,2024-10-12 19:53:33,2024-12-02 07:01:06
android,6F6E1C920DC240D09DC174BDC616C94F,491021692,2025-01-03 04:54:24,2024-12-02 07:01:06
android,01DBD7757A014312A49392697D5BE414,491026454,2025-01-13 10:50:30,2024-12-02 07:01:06
android,B07A4D9ED2D7429FAC2ED9B37F63F8E1,491026454,2025-01-13 10:50:19,2024-12-02 07:01:06
android,ADFF94626F1843BDA34BEE2852F9D826,491026454,2025-01-13 10:01:29,2024-12-02 07:01:06
android,6D89F76B02C84D708F771E042058F623,491026454,2025-01-03 15:18:50,2024-12-02 07:01:06
android,9B863EC60E0D4E63B9B9FE81A43FD996,491072711,2025-01-27 13:18:15,2024-12-02 07:01:06
android,ED6F3717181448C0862ACED6DE00B65F,491072711,2025-01-23 03:56:43,2024-12-02 07:01:06
android,409B13569FAB4256A5337BF12EC31E13,491072711,2025-01-23 03:56:30,2024-12-02 07:01:06
android,52A57FEAD66F405DABDBCD1E45F51C27,491072711,2025-01-23 00:57:35,2024-12-02 07:01:06
android,97F3FAF4B94C474792369412B3229D5A,491072711,2025-01-13 12:32:34,2024-12-02 07:01:06
android,14153EC89306411E8F2D43AD0E103922,491072711,2025-01-13 12:32:27,2024-12-02 07:01:06
android,82227C1EECBC4B2FAFDE2763350FF00E,491072711,2025-01-13 12:32:20,2024-12-02 07:01:06
android,F00DD73C64944F8E8939B087AFD5B69D,491072711,2025-01-13 12:32:15,2024-12-02 07:01:06
android,A4ECE80265444EF89D96D2A2C50B3F8C,491072711,2025-01-13 12:32:05,2024-12-02 07:01:06
android,DAE69FD0616843F29BF876F98E452DAA,491072711,2025-01-13 12:32:02,2024-12-02 07:01:06
android,B5ED024E48D9488D9A674E9AAE819FB6,491072711,2025-01-13 11:35:59,2024-12-02 07:01:06
android,E4DDEE1D53124C89BB35DE83FAB24395,491072711,2025-01-13 11:21:18,2024-12-02 07:01:06
android,50B53A2C39F54A6C9794DEAE54E97C79,491072711,2025-01-06 05:07:54,2024-12-02 07:01:06
android,2D1BAD38FCB946DDB68BDEE18D461309,491072711,2025-01-06 05:06:49,2024-12-02 07:01:06
android,F865C3929FF142DA8B091BE24CE7095A,491072711,2025-01-06 05:06:44,2024-12-02 07:01:06
android,DE6B23D0019B477C8400067AD1619127,491072711,2025-01-06 05:04:15,2024-12-02 07:01:06
android,FA0BF3B52C274D3F9BE28F060C02DB5E,491072711,2025-01-06 05:02:40,2024-12-02 07:01:06
android,6EC20C5CCAD14F969195EAE83E75CF9E,491072711,2025-01-06 04:50:19,2024-12-02 07:01:06
android,38BEE28BAF9A4D8D807D48D29B22C57B,491072711,2025-01-03 15:57:05,2024-12-02 07:01:06
android,E75CAB053E2846FE83585057CB51D596,491900060,2025-01-20 11:23:47,2024-12-02 07:01:06
android,52B3FC20195545169363DE473CCF8B1E,491900060,2025-01-20 11:23:24,2024-12-02 07:01:06
android,653DCAF2D48544AD86558737C816EB73,491900060,2025-01-20 11:18:01,2024-12-02 07:01:06
android,5EA60F744E8B42F0B36B4A167B89DDF6,491900060,2025-01-20 04:27:40,2024-12-02 07:01:06
android,73DF1BF2245D45109D84C68AA0FDEFFC,491900060,2025-01-20 01:22:26,2024-12-02 07:01:06
android,E3B61D66CCD7414580EB7AE5FF0587D0,491900060,2025-01-13 22:49:50,2024-12-02 07:01:06
android,0C56D1284F544D4E949D3BA225AEC734,491900060,2025-01-13 20:48:41,2024-12-02 07:01:06
android,2575A9EFD5F9468BB920FFBFE44ADADC,491900060,2025-01-13 15:50:13,2024-12-02 07:01:06
android,AB066FED42AA4A5EBF0DA478305A9293,491900060,2025-01-13 15:50:02,2024-12-02 07:01:06
android,A123334DCA924E678A31D0A3156D3C70,491927463,2025-01-27 22:16:08,2024-12-02 07:01:06
android,A90D3455820B4021B4EE003969A3E765,491927463,2025-01-27 19:24:14,2024-12-02 07:01:06
android,F6CAB6F30AAE46D3BD056443BEF091C9,489680783,2024-12-17 12:10:41,2024-12-17 19:01:05
android,DD3563779650442AB8AB49CBEEC4E3E6,489828625,2024-12-19 05:09:03,2024-12-19 12:00:58
android,78A5D99835784853BDDB939FAF0F65F7,489828625,2024-12-19 05:08:23,2024-12-19 12:00:58
android,F6627750709042A19B99C580AEDC7C65,459669468,2025-01-02 12:24:50,2025-01-02 23:01:01
android,086A7B1DA5EF4F2DB4A6B27F6A26F65E,459669468,2024-07-12 15:57:16,2025-01-02 23:01:01
android,FB0FF71E68A346208B582BADCFB2BF03,459669468,2024-07-12 15:56:57,2025-01-02 23:01:01
android,A1218BE3C1AD4374A1FD03107703C6CD,459669468,2024-01-08 08:52:05,2025-01-02 23:01:01
android,21DFD25E4EDA450694B5D278649F9E08,459669468,2024-01-05 14:22:47,2025-01-02 23:01:01
android,D91FCBE5FD1443DABF311E0A475DE2A4,459669468,2024-01-05 14:15:30,2025-01-02 23:01:01
android,1FB6D574368E4CF0A227A5CDFAF48F1B,490600654,2025-01-15 16:01:35,2025-01-03 09:01:16
android,DCDC8B57161147ADBACC39F130E5E3C7,490600654,2025-01-13 17:47:31,2025-01-03 09:01:16
android,84781F150E1D4FC29096B8379DC5DC9A,490600654,2025-01-12 13:55:08,2025-01-03 09:01:16
android,88A11841999E4A53949E5C7EA7CE9292,490600654,2025-01-12 05:06:59,2025-01-03 09:01:16
android,4DBB8CC7806B4FB39CACFA7C7CFA5973,490600654,2025-01-11 16:00:40,2025-01-03 09:01:16
android,F87EC11ABCF5418A83B09D157363E65A,490600654,2025-01-09 06:43:42,2025-01-03 09:01:16
android,8D9F1489F1BF478E87542F668D22FFC9,490600654,2025-01-08 16:01:18,2025-01-03 09:01:16
android,9148CE61B3C544F1B92FA38DF9998230,490600654,2025-01-02 22:16:30,2025-01-03 09:01:16
android,5E4AB9E4AF2F4E47833C3BD1E888657E,490600654,2024-12-29 00:04:34,2025-01-03 09:01:16
android,0709D2F03B7B479E919419E820BB69A5,490600654,2024-12-29 00:03:26,2025-01-03 09:01:16
android,49D0B03C16534107878E087E64AB731D,490600654,2024-12-28 14:55:52,2025-01-03 09:01:16
android,E84AA479B4A7405E9A64D65A77280F38,474769315,2025-01-04 18:56:55,2025-01-05 01:01:45
android,2ED2984A21ED42FBAD28AE7F63399447,474769315,2024-07-01 10:19:14,2025-01-05 01:01:45
android,5B625B994317403498DAEEAA6E1E1C06,482037212,2025-01-18 03:34:45,2025-01-05 01:03:29
android,30397AC4BA35424EB9DFC89860D5CD5C,482037212,2025-01-17 01:22:05,2025-01-05 01:03:29
android,BCBCF25181D847E3BAD04FF07DD3B353,482037212,2024-12-25 20:13:58,2025-01-05 01:03:29
android,9F93272EBE9A41BAB6B9D5541C3D8B33,482037212,2024-12-08 23:50:59,2025-01-05 01:03:29
android,FE38DA694CB44463BD7BD5027E8CD79B,482037212,2024-09-23 01:35:02,2025-01-05 01:03:29
android,8BBFEB4FE01B4B7EB7C5D1E5FF95BF5F,482037212,2024-09-22 21:38:21,2025-01-05 01:03:29
android,47C23B2FC16A4FE980C6348BA0BBD864,482037212,2024-09-22 21:37:52,2025-01-05 01:03:29
android,31798407C6F94749A4E345D99530552C,491184829,2025-01-05 03:17:32,2025-01-05 10:01:01
android,85A7452D20F048C9A59F813C77083A06,491184829,2025-01-04 22:28:48,2025-01-05 10:01:01
android,79A117D81FEB4C1BBE6667B4BDDEE0CF,491184829,2025-01-04 22:10:20,2025-01-05 10:01:01
android,B4E29BF95B3A4B1DBCCB1205A5574A44,490317056,2025-01-06 21:21:16,2025-01-05 15:01:12
android,20713CAEAEE64DE49C4CE530D9D08D3C,490317056,2025-01-05 08:11:20,2025-01-05 15:01:12
android,B8DDA30121D0409598E877B14FC029D7,490317056,2025-01-05 08:03:08,2025-01-05 15:01:12
android,3586F9F768D04E78BDE777D1F7B564BE,490317056,2025-01-04 17:28:43,2025-01-05 15:01:12
android,1BD5D434177C4F3CB54E6C340975D19C,491262082,2025-01-05 21:40:58,2025-01-06 05:01:21
android,2B97E59E79444DDF8A6C4EF9909BBDFD,363017492,2025-01-06 01:52:57,2025-01-06 08:01:01
android,85365E5C55C34EFB830E4E948230C06D,363017492,2025-01-06 01:35:55,2025-01-06 08:01:01
android,CB797A8C7D5C406681ED2B76C9FA6809,363017492,2024-11-06 00:17:29,2025-01-06 08:01:01
android,E00917D1F317402B96337EB133AE15FD,363017492,2024-11-06 00:07:32,2025-01-06 08:01:01
android,39F1251E68294C12B18BB226730401E8,363017492,2021-11-15 12:58:42,2025-01-06 08:01:01
android,F6B8717BC574476CBFD7077EE797226C,363017492,2021-11-15 12:57:53,2025-01-06 08:01:01
android,A1C5E8CA9BAE4BF6A36F885F59B7626C,456926367,2024-08-07 07:39:21,2025-01-06 11:00:44
android,1A235343CE3F453AA5AE98D3336037E1,460219024,2024-08-01 04:47:51,2025-01-06 12:37:53
android,0B8CC32C0E874A6CA569D287736451EA,460219024,2024-08-01 04:47:35,2025-01-06 12:37:53
android,BCD5F84FDCD9471AAFBB338090090346,460219024,2024-06-27 16:31:17,2025-01-06 12:37:53
android,A90DF100DC554D62942D7C70766BE574,460219024,2024-03-18 05:33:31,2025-01-06 12:37:53
android,EB3A14B9D521459CAEE4BC5E6FAD088C,460219024,2024-01-25 19:25:42,2025-01-06 12:37:53
android,81D7A8B39D364791B0B5EFA4E8D9073B,460219024,2024-01-16 08:02:36,2025-01-06 12:37:53
android,4B6262ED35FE419190FA5521C0B7CD71,460219024,2024-01-12 04:46:06,2025-01-06 12:37:53
android,079FE089A8B54D8490C525AD31D2172F,381744282,2025-01-06 09:58:56,2025-01-06 16:00:38
android,188CAF4756ED4AFBBDCF1380EC7E39E1,381744282,2024-10-13 16:07:52,2025-01-06 16:00:38
android,9447E19F614B47A8B9F04A81CE702D02,381744282,2024-08-15 18:45:06,2025-01-06 16:00:38
android,989FF28F35E44A01AB4233C7B43525DC,381744282,2022-05-01 15:24:52,2025-01-06 16:00:38
android,19D266F697314BF1A79B04BBA130EA0A,381744282,2022-05-01 15:24:05,2025-01-06 16:00:38
android,BC2DE93BA1F1499EA9684A12E29DDE2C,402213193,2024-12-25 13:06:55,2025-01-06 20:01:32
android,9B1A3F33461B42B1A372FAB4812DB0FD,402213193,2024-11-29 21:39:01,2025-01-06 20:01:32
android,2325BB1898D74432AE82CE4BA06845DA,402213193,2024-02-11 01:25:06,2025-01-06 20:01:32
android,F8580397F8E045CFBF64E27452C1AB68,402213193,2024-01-28 22:36:27,2025-01-06 20:01:32
android,2B16313E4D5B4FF2B5805965952BA825,402213193,2024-01-21 03:17:03,2025-01-06 20:01:32
android,1C5EC78F1C994E93BDC1EF99A03366EC,402213193,2024-01-12 21:23:03,2025-01-06 20:01:32
android,F165A3B17FDC40E6A2381DC6D8FB29CB,402213193,2023-11-09 17:46:43,2025-01-06 20:01:32
android,746D4A0BF116430B8601EE6543E656EC,402213193,2023-10-02 11:07:47,2025-01-06 20:01:32
android,BA33F8D4A2124E878E07F03D9541C806,402213193,2023-09-19 18:34:21,2025-01-06 20:01:32
android,D91BA01F2BED479D855FEBEE049721AF,402213193,2023-08-04 13:19:14,2025-01-06 20:01:32
android,A8AED92465EB41BA8F30665B64869255,402213193,2023-07-06 00:49:54,2025-01-06 20:01:32
android,4D859DE28E4C4A058D7199F50B6EFBC0,402213193,2023-06-27 21:01:39,2025-01-06 20:01:32
android,710DAD3115DC4B1DB324C5A76FAE224C,402213193,2023-06-20 05:07:19,2025-01-06 20:01:32
android,6BB0E975E1B6434CAB3AA02BD62A6A3A,402213193,2023-06-19 16:39:59,2025-01-06 20:01:32
android,DD597CCB130D4EC8828239191E29B148,402213193,2023-05-24 01:04:46,2025-01-06 20:01:32
android,BB491FB2CAAA4BBD8E5FA8ED1E215F22,402213193,2023-05-09 21:14:54,2025-01-06 20:01:32
android,43BBAD4CD54347319D455C475C39EA28,402213193,2023-04-12 10:51:52,2025-01-06 20:01:32
android,D1E35D48846D47BEA2E6C1F0C1EB239B,402213193,2023-04-06 12:26:39,2025-01-06 20:01:32
android,B2408F4AA8FA43719A9AC0A9C370884C,402213193,2023-03-21 11:37:56,2025-01-06 20:01:32
android,61095060BC50404ABECABBA1BDD38FDC,402213193,2023-03-17 22:51:26,2025-01-06 20:01:32
android,54A3A103C3D94894B8268337FC59D1FA,402213193,2023-03-10 11:55:33,2025-01-06 20:01:32
android,7ECC91292E894EF7AB91AD8E0702B69C,402213193,2023-03-06 22:24:28,2025-01-06 20:01:32
android,09E8AE1A47E54E328E6898E39B83FB83,402213193,2023-02-20 21:39:24,2025-01-06 20:01:32
android,1A107DEEC14E4F859DCBABA37A02443B,402213193,2023-02-20 21:38:31,2025-01-06 20:01:32
android,150A2A0D80B2486786460AC68858EA5C,402213193,2023-02-20 21:38:10,2025-01-06 20:01:32
android,F4D667E21FEB412E90B860F040CB3D28,402213193,2023-02-11 21:55:41,2025-01-06 20:01:32
android,2FE362AC94674210A03C594BEF96D998,402213193,2023-02-11 21:54:30,2025-01-06 20:01:32
android,9AFD7D3CD726421B89A90DDF5F3215A8,402213193,2023-02-06 11:54:58,2025-01-06 20:01:32
android,0EE92937272C4FCB8993C2E82DFEFD68,402213193,2023-01-07 16:24:13,2025-01-06 20:01:32
android,A18BE3D74B654FAC863A5A0EBC3A7D77,402213193,2023-01-07 16:22:43,2025-01-06 20:01:32
android,BA715D27E75147729D30DC979F0DA01F,402213193,2023-01-07 16:22:35,2025-01-06 20:01:32
android,B01E03A57B48498AA33EC6D02657C514,402213193,2022-12-26 17:15:43,2025-01-06 20:01:32
android,5519F989E9874D57850600CB49F8411D,484844205,2025-01-26 14:37:26,2025-01-07 00:01:06
android,501315E465F9486C9CB636CD66E87167,484844205,2025-01-17 22:31:03,2025-01-07 00:01:06
android,E5C11A57EF3D4582B0BD007583C30140,484844205,2024-11-08 23:22:18,2025-01-07 00:01:06
android,EEBBBCD99B4845A590C82FBE8D32B757,484844205,2024-11-08 23:20:12,2025-01-07 00:01:06
android,981E44B3BEBA412B9AFEB1DB338D87CE,491252736,2025-01-09 10:56:36,2025-01-07 01:00:41
android,F29A9A0E4D1A44EBA7C6CCCA110E36C6,491252736,2025-01-07 02:43:54,2025-01-07 01:00:41
android,F13F1341C0744788A7441EE83382A29C,491252736,2025-01-06 18:55:37,2025-01-07 01:00:41
android,B973F5FA77134239855AF1A5F8D9156F,491252736,2025-01-06 18:51:13,2025-01-07 01:00:41
android,E463C1DE6480417F9FD63C024D6D1C47,491252736,2025-01-06 18:51:09,2025-01-07 01:00:41
android,58D735B0B3EB470D8B987F809CE52F82,428099552,2024-05-15 14:28:20,2025-01-07 03:01:33
android,FE0A342B92FD40329086F4F008E59706,428099552,2024-05-15 09:56:45,2025-01-07 03:01:33
android,1DD60D515B5D48DAB925B9AEE47DF8AC,428099552,2023-09-21 14:20:32,2025-01-07 03:01:33
android,12CDC2339071483689F5C791E5576C96,428099552,2023-06-24 17:10:39,2025-01-07 03:01:33
android,0FF910B380BB45F1BCBFDEF44A0EEAAE,428099552,2023-06-24 17:07:28,2025-01-07 03:01:33
android,6EA2AF3786D044D8B5D8878FB3E53E80,428099552,2023-05-22 02:54:17,2025-01-07 03:01:33
android,3E0E0E4DA21F42E88E8CDA73653BD1E3,473449244,2024-10-31 09:12:47,2025-01-07 03:01:33
android,7CD13367B35145A6A336782E298D08BB,473449244,2024-08-05 23:54:27,2025-01-07 03:01:33
android,4D97FCB7D7924C54BB55ADFD040F5D4C,397430345,2025-01-08 21:26:27,2025-01-07 03:25:37
android,11D73DC2D3FE4A8BA82C8363EBE70281,397430345,2025-01-06 21:21:10,2025-01-07 03:25:37
android,E7EF6808D748494FBD5225BEDCD90621,397430345,2024-05-29 16:21:53,2025-01-07 03:25:37
android,CF6CBB8412854B1F99CD41E148A3018A,397430345,2023-12-13 01:39:44,2025-01-07 03:25:37
android,4BB748F150104B47B92B7F284D453735,397430345,2023-10-13 00:43:55,2025-01-07 03:25:37
android,32DC6B944F39498A981D703A9CA9D6A7,397430345,2023-10-13 00:11:36,2025-01-07 03:25:37
android,41906E8A42864EAEB518FA12E3D3DB98,397430345,2022-05-24 04:42:53,2025-01-07 03:25:37
android,E90D126C8BD2489DB8B0645D6A8DA048,395476052,2025-01-07 19:31:04,2025-01-08 01:37:41
android,A0BD390CC496409B9EFFD462FA90A887,395476052,2025-01-07 19:24:31,2025-01-08 01:37:41
android,648B801590884199B49996226486310E,395476052,2024-08-24 12:46:01,2025-01-08 01:37:41
android,4C261ABD9C12443D96A89C32848D4755,395476052,2024-06-26 19:21:26,2025-01-08 01:37:41
android,A7BDEB9CE25845938C9525A34E777D91,395476052,2024-06-14 17:41:34,2025-01-08 01:37:41
android,562AD6B2542342DF98C491C6E263C2DD,468211461,2024-04-13 18:49:12,2025-01-08 12:32:33
android,1E43428D6166490C91516090925A55EC,468211461,2024-04-13 18:40:45,2025-01-08 12:32:33
android,E02FB20421EA440AA9F9E0D14283F17A,490212583,2024-12-23 20:25:28,2025-01-08 14:21:04
android,0F901C99B5684317B826D2A607102836,490212583,2024-12-23 20:24:29,2025-01-08 14:21:04
android,1A7041765F3D4AFAA60F82D6593CADF3,463910063,2024-11-16 18:51:24,2025-01-08 16:25:28
android,465935AD96084FFD9063127EF331D0A6,463910063,2024-02-22 12:39:25,2025-01-08 16:25:28
android,E3EF310B087A46D8966DA730D30F1898,464003960,2024-02-23 12:28:02,2025-01-08 16:25:28
android,4A67E286220F43A1BA2DF7C5095B6BF9,486386192,2025-01-09 23:58:21,2025-01-11 04:00:56
android,4691BE403351459B932553DEDAD9EFAD,486386192,2025-01-09 14:48:37,2025-01-11 04:00:56
android,18B1102B1F1C473BB07BF4CC93729EC8,486386192,2025-01-08 14:34:34,2025-01-11 04:00:56
android,FC598DEB4B144AE09F46600DEABB4AA6,486386192,2025-01-08 13:40:03,2025-01-11 04:00:56
android,BB40D28CE6844E9AA71B447286C5FD0A,486386192,2025-01-08 13:39:38,2025-01-11 04:00:56
android,27835CD972604F15BE288E4E5253C641,491688988,2025-01-11 00:39:48,2025-01-11 06:29:48
android,C749AF75B09A4B8583D2050DF2602B08,491688988,2025-01-11 00:39:40,2025-01-11 06:29:48
android,E5AB46B462944FA6B6785FC76DFE7651,462025859,2024-05-10 01:17:00,2025-01-11 21:00:46
android,9F281FE3096B454784AEF0BF8B84C07F,462025859,2024-02-04 00:44:09,2025-01-11 21:00:46
android,EE4463254181497CB9DD23A8D634E365,462025859,2024-02-01 14:40:23,2025-01-11 21:00:46
android,B2C0BE31095B442F9D77FDA909E50B76,486634301,2024-11-25 00:34:20,2025-01-11 21:01:06
android,A1A5B0B6AB81409DBFDF4F58A81AF882,486634301,2024-11-16 00:00:17,2025-01-11 21:01:06
android,CBB0435FEE704446AA1A88855583E5E5,486634301,2024-11-15 23:46:19,2025-01-11 21:01:06
android,1C73501209744111840154AAF70A2DF3,486634301,2024-11-13 18:21:35,2025-01-11 21:01:06
android,F656E1396FCF4C20925D2AA91DF5B3AE,486634301,2024-11-13 18:21:13,2025-01-11 21:01:06
android,C69F9E93B6DA42F0BB043EED03BD4405,486634301,2024-11-13 17:50:23,2025-01-11 21:01:06
android,033EFD4028494EB08B24B8FB0173E5EB,486634301,2024-11-13 17:04:59,2025-01-11 21:01:06
android,3C460B68BF1F48CFB5F8C6257660AA84,486634301,2024-11-13 16:59:16,2025-01-11 21:01:06
android,991718A9362A4071AF34B63F09F70B6D,393857845,2024-02-22 14:31:01,2025-01-12 01:10:05
android,DEC202E5307846BDA2D03C5E328CEA62,393857845,2024-02-22 14:30:51,2025-01-12 01:10:05
android,3D1A302C2C8246BCB2C631991F3DF525,454023589,2024-08-09 17:06:59,2025-01-13 00:47:06
android,FD757A824D064581B0FB65EC23CC637F,454023589,2024-07-08 18:23:59,2025-01-13 00:47:06
android,3E21CBDCB68844B29CB579FB2EBDAD7A,454023589,2023-12-29 00:31:20,2025-01-13 00:47:06
android,4B436E1536D549E49D685F754C1D13A4,454023589,2023-12-29 00:15:38,2025-01-13 00:47:06
android,24B9A5C9A8E04BB0BC5B88968259D115,439878777,2025-01-12 21:36:27,2025-01-13 03:38:40
android,9AFDEE4396A14092842F852E9ECE2200,439878777,2024-10-25 01:14:07,2025-01-13 03:38:40
android,969206AF97B04DB7B0A9CD4F06888600,439878777,2024-10-25 01:13:50,2025-01-13 03:38:40
android,A3B51D7B384B47C1BA3C22C2A3F439C8,439878777,2024-10-25 01:10:25,2025-01-13 03:38:40
android,BA052B11E11145ED8722E7DD391DAC6D,439878777,2024-10-25 01:05:39,2025-01-13 03:38:40
android,582DD29B53494F049C9D9BDC653C07B2,491160675,2025-01-04 16:35:58,2025-01-13 11:01:14
android,1FED02DCCE99407DB99B67EF9DB6E325,491160675,2025-01-04 16:30:52,2025-01-13 11:01:14
android,5BC085810343470DA2BBC2D9CA4372B1,488822917,2024-12-07 13:57:15,2025-01-13 18:00:50
android,EDFE9E7B8CD64B8FBCC23537383FC798,491837432,2025-01-12 19:13:31,2025-01-13 18:01:08
android,24ED0834012E410BBA46D5573096E0A9,416060016,2025-01-13 15:34:03,2025-01-13 21:01:21
android,C46127B3657247E2B1417236DD5631EE,464152502,2025-01-13 20:41:07,2025-01-14 02:40:34
android,CC92364F0B3F4718971612CCD0DDEEBE,464152502,2024-03-03 21:39:41,2025-01-14 02:40:34
android,D3BC7D0F88C8483E843C5A5F68FA5A3B,481427692,2025-01-13 23:09:01,2025-01-14 05:18:28
android,8DE0B3389BA64C438FD4A9B215DACDB8,481427692,2024-09-15 06:03:24,2025-01-14 05:18:28
android,64ACE9E616984238850BC5AD741941D3,486099897,2024-11-06 18:55:12,2025-01-14 18:01:23
android,336D6BCAA3EE40188002F8B872E24872,491818714,2025-01-24 15:17:17,2025-01-15 06:00:44
android,5ADBD7C60FC5404DA0BCA26285173F07,491818714,2025-01-13 16:11:51,2025-01-15 06:00:44
android,EB144C6A9F5C4CCFB26C807E30AB1297,491818714,2025-01-12 14:49:11,2025-01-15 06:00:44
android,6A018A3934A942E89EBEEA7486409BF3,463074594,2024-02-14 23:12:46,2025-01-15 20:34:37
android,7BBD47DF57A54FA98C97000908282139,463074594,2024-02-14 22:44:22,2025-01-15 20:34:37
android,A5123F2484A84978B42953B61E6199A0,463074594,2024-02-13 23:25:00,2025-01-15 20:34:37
android,CB205608743E4A209CB6D1AAB681D49C,463074594,2024-02-13 06:03:35,2025-01-15 20:34:37
android,6B801BFF329841A3A122EF8F0DE2622E,463074594,2024-02-13 06:02:52,2025-01-15 20:34:37
android,EA13940DD1FE4948BE25507AF097A335,487979514,2024-11-28 08:51:48,2025-01-15 20:34:37
android,47883B184C954ED1B148FCEF5047364C,341971721,2024-05-23 20:54:02,2025-01-16 06:54:01
android,338FE67A500243D4977AE902460543DE,341971721,2024-01-10 12:06:10,2025-01-16 06:54:01
android,46A2748B5A7C4B7D9305533370B81AB8,341971721,2024-01-10 11:54:57,2025-01-16 06:54:01
android,09C52234BC1146428D61743BC00A3529,341971721,2022-01-12 01:19:11,2025-01-16 06:54:01
android,E953432A7B954E73A02EC190DA87C0FC,341971721,2021-11-18 23:39:05,2025-01-16 06:54:01
android,5962842419EC4152B3FAD8815624B67D,482808604,2025-01-16 01:19:32,2025-01-16 08:01:37
android,7FD41D383AB24B17B14A4A6DA4CF7CB7,482808604,2024-09-30 21:53:02,2025-01-16 08:01:37
android,0503A6DDA702446986142195D6C8559D,482808604,2024-09-30 21:52:09,2025-01-16 08:01:37
android,E669E8D25AAE4056AF1AEF7C3F40B07F,490470572,2025-01-04 05:20:31,2025-01-16 13:00:52
android,71D669C5214F4C33A80D060F535A5801,490470572,2024-12-27 01:04:55,2025-01-16 13:00:52
android,A4919CEF39644947A46E1F0D18372654,490470572,2024-12-27 01:02:34,2025-01-16 13:00:52
android,11FA67673D424A5CB6BCB5991E31E94D,490470572,2024-12-27 00:53:17,2025-01-16 13:00:52
android,7E86AB4163794017A1F20D2EC8C02D8F,492161250,2025-01-16 18:09:54,2025-01-17 00:06:31
android,FFAC7637A1074CF386C24B2047250913,443374795,2025-01-16 21:27:04,2025-01-17 02:01:15
android,1B7090C986204A748FEB8A9EC066D8EC,443374795,2025-01-16 21:26:56,2025-01-17 02:01:15
android,6C9D1191F9E84D4A925BDE65FF97453C,443374795,2025-01-16 21:09:45,2025-01-17 02:01:15
android,EC9955F1378B4C3D97E66E2486D26A00,443374795,2025-01-16 18:55:23,2025-01-17 02:01:15
android,4DDB014B3BE0441986FC785DF3B53A80,443374795,2025-01-16 15:39:22,2025-01-17 02:01:15
android,26A367E629A24D718EF3D1D8328BE7F2,443374795,2025-01-16 15:39:15,2025-01-17 02:01:15
android,A309A21D19F1425F8D5AD9E538ABA6E6,443374795,2024-12-29 15:09:54,2025-01-17 02:01:15
android,E57CE353B6FE411A87C95A5E8BDE3BDC,443374795,2024-12-29 15:09:50,2025-01-17 02:01:15
android,ECF51408C7E84BAF88420286ACA609A6,443374795,2024-12-28 19:12:31,2025-01-17 02:01:15
android,CD7A8057045043D09E53C078E5C8E66F,443374795,2023-12-26 15:05:57,2025-01-17 02:01:15
android,DFC1B53227E844ABAB43E40E5FC6B269,477736552,2024-08-28 02:55:00,2025-01-17 03:56:45
android,68CE1883B22D4CB3A3B311CCA7120E52,477736552,2024-08-28 02:12:44,2025-01-17 03:56:45
android,6EA6822246654264830FF982FBD9F295,477736552,2024-08-28 02:12:32,2025-01-17 03:56:45
android,9A8B591F7BDB49508E190B2F909874D2,477736552,2024-08-07 00:55:09,2025-01-17 03:56:45
android,C8D2E7E2ADC84BEFBD8218A53CD2E7A6,477736552,2024-08-04 02:56:27,2025-01-17 03:56:45
android,A29EEC15F63E429EBB69D0F3F039D488,429272925,2023-02-23 10:20:31,2025-01-17 06:41:00
android,2186B50A095243838D1C450B8514B38E,461510525,2025-01-17 00:41:30,2025-01-17 06:41:00
android,F3C6F8A421A14EF49FE3CEF019DADED6,461510525,2024-12-25 06:58:36,2025-01-17 06:41:00
android,27F1EF65C8D44660A51185E07CF48E3F,461510525,2024-12-19 13:17:45,2025-01-17 06:41:00
android,A697A3F7566D440FB7767D17F947F3C2,461510525,2024-08-20 21:48:17,2025-01-17 06:41:00
android,AB01962AAACC40A0BC3D1163EDEEC091,461510525,2024-08-17 08:16:58,2025-01-17 06:41:00
android,F08924B3F394411D98007C0017A56161,461510525,2024-06-20 22:27:38,2025-01-17 06:41:00
android,41236AA96EB04F788FD660E55B08CABC,461510525,2024-04-04 11:06:15,2025-01-17 06:41:00
android,47175519AA9942B0BF196A00A2E497EA,461510525,2024-04-04 11:03:45,2025-01-17 06:41:00
android,A6F2A4FAB74947BD9657AD74944F62C6,461510525,2024-02-29 08:08:27,2025-01-17 06:41:00
android,14BE448167964CFABC5510100AD5A6B1,461510525,2024-02-01 17:06:51,2025-01-17 06:41:00
android,957F95F5AB2A43C3AB0109CB99946B7C,488038579,2024-12-28 09:47:06,2025-01-17 14:00:59
android,D57D02F5BD7B4C25B43E88F84F8B4F00,492044508,2025-01-16 20:30:06,2025-01-17 19:00:56
android,8404278A1D8F464F9906579E731DD756,492044508,2025-01-15 12:34:49,2025-01-17 19:00:56
android,EEB90FB344DD4C26A2B2B926A9758C4F,492044508,2025-01-15 10:50:16,2025-01-17 19:00:56
android,97AFD89C1C4149D88804767D7F3D9FD6,492044508,2025-01-15 10:49:01,2025-01-17 19:00:56
android,C899FE28957E4D328E97AEC70DEA0E55,430621164,2023-09-30 08:00:22,2025-01-18 06:01:24
android,2C5E1E57BF004488842782B393AB732E,430621164,2023-09-26 11:09:40,2025-01-18 06:01:24
android,E66993137C8E491C9E39E51361DD280B,430621164,2023-09-26 11:08:37,2025-01-18 06:01:24
android,BFB4C2D90EB240889D5EC3CF8750F887,430621164,2023-08-23 08:31:40,2025-01-18 06:01:24
android,B1F1AB208AB94FE7B248475E273332AA,430621164,2023-08-16 21:02:15,2025-01-18 06:01:24
android,BE93F71671CF4FB4B403BB9CBA826A32,430621164,2023-08-16 21:01:54,2025-01-18 06:01:24
android,76FC1BF71A984BEEB0E12515C0400D60,430621164,2023-08-13 10:21:04,2025-01-18 06:01:24
android,DC77007EB18B4003817FA1A5DB97B701,430621164,2023-07-23 11:04:01,2025-01-18 06:01:24
android,4F4FE51F5B474B46A79E910C4154FBBE,489130282,2025-01-27 18:52:35,2025-01-18 06:01:24
android,928920D6809C4001A08E1C33DE05DE0C,489130282,2025-01-26 08:36:52,2025-01-18 06:01:24
android,69A803E4DB04402B9F69CCEDB6C962F1,489130282,2025-01-26 07:57:32,2025-01-18 06:01:24
android,6DD477AAA69F4FFBB5E83F0ECC3F5C16,489130282,2025-01-25 19:44:13,2025-01-18 06:01:24
android,0BEEEC775B3D4CCEB97CB42C4CB51FDA,489130282,2025-01-25 15:02:30,2025-01-18 06:01:24
android,E7340D634DF44492AEBC73EDA6E9AB14,489130282,2025-01-17 23:05:41,2025-01-18 06:01:24
android,545D0D12111B4079970230F8A26A9608,489130282,2024-12-27 11:07:56,2025-01-18 06:01:24
android,9B87E1DEA0C749CA9584DAAD24D59954,489130282,2024-12-13 10:11:06,2025-01-18 06:01:24
android,2C59443E78254D99B2816D9425D9E3AE,489130282,2024-12-13 10:08:35,2025-01-18 06:01:24
android,955526CCC4954B858ABF91ED7005EF9E,489130282,2024-12-11 17:24:50,2025-01-18 06:01:24
android,3ED950A4A59D498B9EDD094A60C49CA1,489130282,2024-12-11 17:24:21,2025-01-18 06:01:24
android,C3A25AE6473D4FB49F8C5BB55CDE35B0,489130282,2024-12-11 17:20:06,2025-01-18 06:01:24
android,75070046A5FD43119696A8D82725BB07,489130282,2024-12-11 05:06:52,2025-01-18 06:01:24
android,C3714C3566CF499A850E5DA07C02A279,489130282,2024-12-11 05:01:31,2025-01-18 06:01:24
android,8927F5150D9446FE83E228C1AF8C1BBB,418191194,2023-10-29 07:44:15,2025-01-18 09:17:29
android,EC45508CFB19495F9B74831780EA9F97,418191194,2023-10-29 07:44:00,2025-01-18 09:17:29
android,8836EACB45F24871B9024ADF1861D693,490727305,2025-01-27 21:43:44,2025-01-19 05:00:56
android,5795D830C7434AA19021C458ADFAAC82,490727305,2025-01-27 21:32:41,2025-01-19 05:00:56
android,6FF9E73230FA4C2CA950B4BE88E49C7A,490727305,2025-01-27 19:40:25,2025-01-19 05:00:56
android,B34324977E2C400CB90342777C74283A,490727305,2025-01-26 23:47:47,2025-01-19 05:00:56
android,CB51D205BF314E66918C1C18FF2C1C30,490727305,2025-01-26 23:15:35,2025-01-19 05:00:56
android,7070B2684C0248DB8F622E71684E9702,490727305,2025-01-26 23:12:38,2025-01-19 05:00:56
android,A9A408559A3C4769A4949033281C1B8F,490727305,2025-01-26 23:00:20,2025-01-19 05:00:56
android,57AFBF725E444473AC459C92CFCB0B92,490727305,2025-01-26 21:26:30,2025-01-19 05:00:56
android,5050C4B32A48450C969CE26D8ED17F42,490727305,2025-01-26 20:09:35,2025-01-19 05:00:56
android,7BF88F0813984AB6ADD35CFF49459780,490727305,2025-01-26 20:02:20,2025-01-19 05:00:56
android,352CFC6932E04C01993BD426F0F2BBE8,490727305,2025-01-26 20:01:35,2025-01-19 05:00:56
android,111CDEE325CD485D94C8944BFDE185EF,490727305,2025-01-26 20:00:08,2025-01-19 05:00:56
android,E579C4575E234EAEB5EE9045E27F1BAB,490727305,2025-01-26 19:12:32,2025-01-19 05:00:56
android,B20401E2AE4C4E9DA627D5EB74DF221E,490727305,2025-01-26 19:03:14,2025-01-19 05:00:56
android,D3F54B1F789047A48E4EBB246739C4C2,490727305,2025-01-26 18:49:46,2025-01-19 05:00:56
android,A9E22C667DF840F994BA2045BA484CEE,490727305,2025-01-26 18:48:49,2025-01-19 05:00:56
android,4550CDC1127346C9986FADEB10F7536F,490727305,2025-01-26 18:44:01,2025-01-19 05:00:56
android,16719350DEEF4770A4F1972785BA34D1,490727305,2025-01-26 18:43:26,2025-01-19 05:00:56
android,30A43B19BEE9475D9231FA225314CA36,490727305,2025-01-25 20:52:48,2025-01-19 05:00:56
android,5F85F0B85C694E5D8E3B3D8840C76CA3,490727305,2025-01-24 20:22:51,2025-01-19 05:00:56
android,15702375CB014A6AB91DC2C62D0DD448,490727305,2025-01-24 20:22:10,2025-01-19 05:00:56
android,C06C087FE43B43C3BB0FC2E4D7D967C8,490727305,2025-01-24 20:02:28,2025-01-19 05:00:56
android,1EBA6F36AD6A468BB99CFBF67932D86E,490727305,2025-01-24 19:55:10,2025-01-19 05:00:56
android,61636BD0F5464A70AA4994B8AEF35F8A,490727305,2025-01-24 19:54:30,2025-01-19 05:00:56
android,BFBC0D855F6B48239BE4100BA5709946,490727305,2025-01-24 19:53:34,2025-01-19 05:00:56
android,9D7D2E6ABA704200B86B8D9DBA98C72F,490727305,2025-01-24 19:27:49,2025-01-19 05:00:56
android,C5066D9137FF48C9B93056D3C83B02CF,490727305,2025-01-24 19:20:06,2025-01-19 05:00:56
android,90219A3D499E46C8930330D98302FE1B,490727305,2025-01-24 19:18:14,2025-01-19 05:00:56
android,C9AD1642FB974599A345E5CB69548C8E,490727305,2025-01-24 19:17:21,2025-01-19 05:00:56
android,9142B4C1B0F74C69BB4F72D10E2529B1,490727305,2025-01-24 19:16:40,2025-01-19 05:00:56
android,96EC6ED3C0684C10821B56B935DFA748,490727305,2025-01-23 20:54:45,2025-01-19 05:00:56
android,BE088EAAEB8B40539065A46FE14A2FDF,490727305,2025-01-23 20:49:24,2025-01-19 05:00:56
android,482B7AB1D4154842B0CA3D71E98BDD03,490727305,2025-01-23 20:48:32,2025-01-19 05:00:56
android,16B511BC45924DE8A8A77FA22D3A6419,490727305,2025-01-23 20:48:00,2025-01-19 05:00:56
android,E6C27BD92B474BF684B9D3CBAAA021B4,490727305,2025-01-23 17:58:27,2025-01-19 05:00:56
android,84CD57FC57D848378147A49710F916DA,490727305,2025-01-23 17:57:46,2025-01-19 05:00:56
android,B8B4D6FEDC204C63BB13CA17889B639C,490727305,2025-01-23 17:56:42,2025-01-19 05:00:56
android,27C01E4E89734A65BC7DD00E13E2D75E,490727305,2025-01-23 17:48:31,2025-01-19 05:00:56
android,E843B7C787DA4227AA60AC89FE42E967,490727305,2025-01-23 10:09:06,2025-01-19 05:00:56
android,3E1791D1893845E88D5ACAF13B607494,490727305,2025-01-23 02:03:17,2025-01-19 05:00:56
android,4BED79F986814A6D95B4532DDB2819E6,490727305,2025-01-23 02:02:28,2025-01-19 05:00:56
android,FCB7778BEC9947949922BF85704F2A33,490727305,2025-01-22 06:31:51,2025-01-19 05:00:56
android,7C48DD70949E4AF2B33622D44D2F1F1E,490727305,2025-01-22 04:30:38,2025-01-19 05:00:56
android,39BC8A15768046279C693C12F164D9EF,490727305,2025-01-21 22:51:29,2025-01-19 05:00:56
android,8C01856ED9FF406FBE16FBF67D08ED8F,490727305,2025-01-21 21:40:39,2025-01-19 05:00:56
android,F28FD2D2FCA44D9697F484EA5493FCC3,490727305,2025-01-21 19:53:39,2025-01-19 05:00:56
android,66F2D549F28749DD8E3BC3E5F1B3AD07,490727305,2025-01-21 19:46:49,2025-01-19 05:00:56
android,2033C3311053472383E2E4DEAD8A541F,490727305,2025-01-21 00:34:57,2025-01-19 05:00:56
android,A1E0E67C5779474EA18B7E5580CC84E0,490727305,2025-01-20 21:13:30,2025-01-19 05:00:56
android,1F5E2085B4C84080B770F336B343E5F7,490727305,2025-01-20 20:57:39,2025-01-19 05:00:56
android,1E3A795E2E7843268A4EAB042DD4A5FE,490727305,2025-01-20 20:55:31,2025-01-19 05:00:56
android,50839CD7D58147D3BE4E4CE869971B08,490727305,2025-01-20 20:50:12,2025-01-19 05:00:56
android,757627B6258048E286240276B6A56932,490727305,2025-01-20 20:49:20,2025-01-19 05:00:56
android,60E87F7F491B468C92F4A4FBBCA0E284,490727305,2025-01-20 20:48:48,2025-01-19 05:00:56
android,B6D4C58AC6194A8EB0B4230A7AA5B8F2,490727305,2025-01-20 20:47:11,2025-01-19 05:00:56
android,F1FF623D0CDF46D698C2F3CD8754BA1A,490727305,2025-01-20 20:46:14,2025-01-19 05:00:56
android,3EBA7774023F49DE83E435F1A9910832,490727305,2025-01-20 20:45:53,2025-01-19 05:00:56
android,90BA061780E9468F8C6913CC4B761F4F,490727305,2025-01-20 19:49:25,2025-01-19 05:00:56
android,1298DB8D6C664282AC32DBA8D34A176A,490727305,2025-01-20 19:45:16,2025-01-19 05:00:56
android,0AABD20BFFE042328CA69CBF1A6E9C74,490727305,2025-01-20 19:44:53,2025-01-19 05:00:56
android,6241FACA18DC4221872B9DEF8B82D2C6,490727305,2025-01-20 19:44:31,2025-01-19 05:00:56
android,FBA3E35AC0694B1D832BD4447BEDAF30,490727305,2025-01-20 19:43:44,2025-01-19 05:00:56
android,C0666BBF33234276A4DE8CD46C5EFADE,490727305,2025-01-20 19:21:54,2025-01-19 05:00:56
android,6A8E0923141D4FB994E44F6342FFB993,490727305,2025-01-20 19:21:34,2025-01-19 05:00:56
android,BD0D4D527F5344C18190DED03880B947,490727305,2025-01-20 18:51:06,2025-01-19 05:00:56
android,F5CE058F69394A53992F26E45E15C814,490727305,2025-01-20 18:50:38,2025-01-19 05:00:56
android,60D42BFF881840EBA972F91B8588358A,490727305,2025-01-20 18:49:03,2025-01-19 05:00:56
android,4E42C0EBF3414AE8AA86B6A043A6F813,490727305,2025-01-20 18:47:56,2025-01-19 05:00:56
android,43AB2263C8B94AD58E4A9BD210790A7B,490727305,2025-01-20 18:46:51,2025-01-19 05:00:56
android,10B603AB3F6E4D90BEFD25335113E56A,490727305,2025-01-20 18:37:39,2025-01-19 05:00:56
android,0EAB2E5959AD49719252030BA0DEDA31,490727305,2025-01-20 18:37:05,2025-01-19 05:00:56
android,290AB7AB3953427BB5464BC5B7768C04,490727305,2025-01-20 18:35:59,2025-01-19 05:00:56
android,92D3A16832F743C49D0DB90BB7919184,490727305,2025-01-20 18:35:30,2025-01-19 05:00:56
android,A56A3C3A5BD64BDE8295F6943ED49B82,490727305,2025-01-20 01:03:35,2025-01-19 05:00:56
android,DA80CA7FD7F640AC9CD8CF32647F5628,490727305,2025-01-19 23:20:34,2025-01-19 05:00:56
android,B8E3C81175D246AC80853B4EAB59969F,490727305,2025-01-19 22:33:53,2025-01-19 05:00:56
android,9855681B5AFC48CA9808A240FBF9CB7A,490727305,2025-01-19 22:13:23,2025-01-19 05:00:56
android,43D515C0D2A540BA99D216163190157A,490727305,2025-01-19 20:19:26,2025-01-19 05:00:56
android,A1A1BB73A23147BD988FF1DAD14FF97A,490727305,2025-01-19 20:13:42,2025-01-19 05:00:56
android,EDC1B91F06624D99AF5D73171A7D4173,490727305,2025-01-19 19:11:00,2025-01-19 05:00:56
android,622F50D17DE74729ACF48A65CFA12615,490727305,2025-01-19 18:18:49,2025-01-19 05:00:56
android,43BCA31CE8C94933B8916DA3E614F81B,490727305,2025-01-19 18:17:55,2025-01-19 05:00:56
android,207E0458EED2421EA88AA66CA00215DD,490727305,2025-01-19 06:42:57,2025-01-19 05:00:56
android,70E544899BA14421813A94769DFB0D06,490727305,2025-01-19 06:42:39,2025-01-19 05:00:56
android,6C4696344E1041AD9D2C0573CE17DC20,490727305,2025-01-18 22:37:22,2025-01-19 05:00:56
android,85132F7BB573460AB0A0445D9FCE9F53,490727305,2025-01-18 19:49:01,2025-01-19 05:00:56
android,78F048F4CE364156A8F211771AD43B59,490727305,2025-01-18 19:43:49,2025-01-19 05:00:56
android,DD633F6C5B5546B180193FA045F3502A,490727305,2025-01-18 18:21:53,2025-01-19 05:00:56
android,1A86B61119ED45918183E19434586475,490727305,2025-01-18 18:21:26,2025-01-19 05:00:56
android,B3C4DF3498F648A797E5FAB76FBEDA64,490727305,2025-01-18 18:19:52,2025-01-19 05:00:56
android,9E07D88B38FC48DBAD2922C752BF8F64,490727305,2025-01-17 19:17:50,2025-01-19 05:00:56
android,6C696A015EDE4F678F6C7B8565AD8BC7,490727305,2025-01-17 18:52:25,2025-01-19 05:00:56
android,FFA1E32170E54102A098EAADF5BADA0D,490727305,2025-01-17 18:51:35,2025-01-19 05:00:56
android,A6FB0D8748144449BB06930A9BE45A91,490727305,2025-01-17 18:50:50,2025-01-19 05:00:56
android,A0B12FFB0FDC405A8AA999D1357E561C,490727305,2025-01-17 18:50:14,2025-01-19 05:00:56
android,97D1D8D8794C4A8494267F07B769B7EE,490727305,2025-01-17 18:34:35,2025-01-19 05:00:56
android,5AF197985106468BA532F1E9559EBFF0,490727305,2025-01-17 00:38:44,2025-01-19 05:00:56
android,C0B33273D9B440ED8D257A2B50AAAF94,490727305,2025-01-16 22:48:17,2025-01-19 05:00:56
android,3F8F11C696F94C97A935AC8062A4DF73,490727305,2025-01-16 22:16:28,2025-01-19 05:00:56
android,F0C8E2C8AFF445ACB34A226D9B6588D6,490727305,2025-01-16 21:45:31,2025-01-19 05:00:56
android,7DE07191122447CE889D572CEE334C6D,490727305,2025-01-16 21:41:04,2025-01-19 05:00:56
android,B703AC1D72D94C90BE3F9CEBE51698DF,490727305,2025-01-16 21:29:26,2025-01-19 05:00:56
android,A3F9ABAA68424722A00FE5F500AC2A93,490727305,2025-01-16 21:29:05,2025-01-19 05:00:56
android,4068DF9A6B404A2DBE4138B1722C0795,490727305,2025-01-16 20:41:43,2025-01-19 05:00:56
android,D3E4CEBF1A6C4DB988B485548EBD649B,490727305,2025-01-16 19:50:17,2025-01-19 05:00:56
android,6C630FBACC6E462E86702E0611E4E185,490727305,2025-01-16 19:49:30,2025-01-19 05:00:56
android,E64ABBF19E6E47A88716DC6D0C38D244,490727305,2025-01-16 19:48:51,2025-01-19 05:00:56
android,8B9E707A54A8469B991BF2574A51D28F,490727305,2025-01-16 19:48:15,2025-01-19 05:00:56
android,404BDFE3C0C541AC871256E94BC9F584,490727305,2025-01-16 19:43:52,2025-01-19 05:00:56
android,22CBB4A4B86940E08ED8F26E2B720042,490727305,2025-01-16 19:43:30,2025-01-19 05:00:56
android,E000EC9C93FA479E982506C29FB70091,490727305,2025-01-16 19:20:42,2025-01-19 05:00:56
android,8897D0E954B4480EA63BAF710826DF60,490727305,2025-01-16 04:25:07,2025-01-19 05:00:56
android,2D3631D356B54D018BAF881ED03BAEE2,490727305,2025-01-16 00:21:51,2025-01-19 05:00:56
android,CBD1975E04774BA091C44AAB5CBD85DD,490727305,2025-01-15 23:00:43,2025-01-19 05:00:56
android,2EA85DA89B434236BC8B9B4564E48499,490727305,2025-01-15 19:53:38,2025-01-19 05:00:56
android,95830AC3514749E483AD0AE5731C8D62,490727305,2025-01-15 19:08:38,2025-01-19 05:00:56
android,7370F41A210945799068BCA70373C101,490727305,2025-01-15 18:43:00,2025-01-19 05:00:56
android,1837A5D75E1841979D8F6370362EA350,490727305,2025-01-15 12:08:53,2025-01-19 05:00:56
android,EA9E454CBBBF4C389FE2F5883BA75557,490727305,2025-01-15 00:20:05,2025-01-19 05:00:56
android,00792F75E1254C149159824E33E88512,490727305,2025-01-14 21:34:45,2025-01-19 05:00:56
android,7202AC7630EA4286874D1AD9D6924857,490727305,2025-01-14 21:34:05,2025-01-19 05:00:56
android,6C8C1D8CD9D540E6A1DC703AF3AD3EA3,490727305,2025-01-14 20:58:01,2025-01-19 05:00:56
android,C9313507D19640ECABE61B3F2DF5B43E,490727305,2025-01-14 20:50:21,2025-01-19 05:00:56
android,801DA22529494674B5EDF2F1ECD57E20,490727305,2025-01-14 19:27:12,2025-01-19 05:00:56
android,8EAB71FB33104DF1BEDDA36E000B9BE7,490727305,2025-01-14 19:06:26,2025-01-19 05:00:56
android,8BDCBAA8A317411A8B3C7E2721A9B79B,490727305,2025-01-14 18:50:50,2025-01-19 05:00:56
android,A065F4E49E924AD1B004A1B980E0C5A4,490727305,2025-01-14 18:33:57,2025-01-19 05:00:56
android,D4FC456C55024DC086F51231FEC617FD,490727305,2025-01-14 11:13:09,2025-01-19 05:00:56
android,DCFBA120D9F34FF4BE4D07EF885D0EA3,490727305,2025-01-14 04:11:32,2025-01-19 05:00:56
android,9B8AFF71F66A48E5882D4A9B858BA8AF,490727305,2025-01-13 22:23:40,2025-01-19 05:00:56
android,1B518A705E4747AF8A6F7AE67B401EE5,490727305,2025-01-13 21:42:59,2025-01-19 05:00:56
android,D0D0FB0862E949B9BC48F567C7A4C10F,490727305,2025-01-13 21:12:34,2025-01-19 05:00:56
android,4096204488B94035B30E1E2678643219,490727305,2025-01-13 21:01:36,2025-01-19 05:00:56
android,7834145C8BB649CA862244C7A3F546AA,490727305,2025-01-13 20:18:45,2025-01-19 05:00:56
android,09D8F21A7A2E4AE987C2C1BA1CD5291B,490727305,2025-01-13 20:05:07,2025-01-19 05:00:56
android,2E07C46AC86846CF8A1CC98B8E17BF97,490727305,2025-01-13 20:04:56,2025-01-19 05:00:56
android,8F003328EDA5421BBB83908EB2D5CC6C,490727305,2025-01-13 20:01:22,2025-01-19 05:00:56
android,F4CAECFE72B54245ADA450AF83E76EA0,490727305,2025-01-13 19:53:46,2025-01-19 05:00:56
android,10FE37A6BBE747D3807394B7196543AB,490727305,2025-01-13 19:52:35,2025-01-19 05:00:56
android,CAF4ED8B2009461C90078D2E3494FBB9,490727305,2025-01-13 19:51:26,2025-01-19 05:00:56
android,6004B589E1354B5B949908AD771ED01F,490727305,2025-01-13 19:50:07,2025-01-19 05:00:56
android,E15A90E8368E4E49A6F3EB03FF136D3D,490727305,2025-01-13 19:39:01,2025-01-19 05:00:56
android,3454BF690906433CB2947464E0BB7CC1,490727305,2025-01-13 19:36:11,2025-01-19 05:00:56
android,200BEBEEFD4E40C0B93A040D889E88B3,490727305,2025-01-13 19:32:22,2025-01-19 05:00:56
android,E18A31DFD63047E8B25C29E32E7318F5,490727305,2025-01-13 19:31:38,2025-01-19 05:00:56
android,EA1DF2E6F46146ECA7D16A7E693E993F,490727305,2025-01-13 19:31:07,2025-01-19 05:00:56
android,8D63C82BAE2348BBB533AE5FB6B0035B,490727305,2025-01-13 19:31:01,2025-01-19 05:00:56
android,37FB02DC1ED94C5B83ED3ADEEC25E67E,490727305,2025-01-13 19:22:27,2025-01-19 05:00:56
android,469F68FFB3E34A64A958E135F8FE0332,490727305,2025-01-13 19:13:13,2025-01-19 05:00:56
android,A8A0A970AF31450D9008B964303EF4C4,490727305,2025-01-13 19:12:46,2025-01-19 05:00:56
android,119FDE616CDE420DAFFB5E28A9376442,490727305,2025-01-13 19:11:40,2025-01-19 05:00:56
android,A9AD60E2D13A4A6497074319707478CA,490727305,2025-01-13 19:11:19,2025-01-19 05:00:56
android,8759EBAF9B794499886EC5C5F2EEE7F8,490727305,2025-01-13 19:06:47,2025-01-19 05:00:56
android,454244224CAF4707BA549F5C4694CC57,490727305,2025-01-13 18:59:59,2025-01-19 05:00:56
android,BB5710CEFFF943CEA950E5473BA77684,490727305,2025-01-13 18:52:22,2025-01-19 05:00:56
android,3EC6AB2E57F349BFACC179EF8BCF223D,490727305,2025-01-13 18:50:42,2025-01-19 05:00:56
android,A6140EB6CB3442E992C242FB8B53DE8A,490727305,2025-01-13 18:50:01,2025-01-19 05:00:56
android,96CE399F0D1B471DB89A601BFB4CD2A0,490727305,2025-01-13 18:44:57,2025-01-19 05:00:56
android,3116E7423DFE4B35BD61026FBF0D2D1D,490727305,2025-01-13 18:37:25,2025-01-19 05:00:56
android,2102320E02C0415F87E5AEE62703D3A5,490727305,2025-01-13 18:36:33,2025-01-19 05:00:56
android,0C38BF0448CA405B978E1E256FBCA081,490727305,2025-01-13 18:30:37,2025-01-19 05:00:56
android,75B90820749C4F41B49716B89FD6C3B4,490727305,2025-01-13 18:24:20,2025-01-19 05:00:56
android,95E86490CA394D27BBC735C1CEBEAEFE,490727305,2025-01-13 18:21:09,2025-01-19 05:00:56
android,6219D34D8A9446FE872E7E8957ABC379,490727305,2025-01-13 18:20:32,2025-01-19 05:00:56
android,E4FD3ED45A4F48A293072C7D32E4E77C,490727305,2025-01-13 18:06:40,2025-01-19 05:00:56
android,8D56CDD826C240D8976A8ACA29682BC8,490727305,2025-01-13 04:11:13,2025-01-19 05:00:56
android,9212C569C2284E66A1C4B7FE5CA7E5D9,490727305,2025-01-13 03:44:07,2025-01-19 05:00:56
android,B39B6E2B1E914EA79C4CF497ADFB0A0B,490727305,2025-01-13 01:15:18,2025-01-19 05:00:56
android,5EE76547E6074462836330093393BA41,490727305,2025-01-12 22:55:03,2025-01-19 05:00:56
android,945B810F95C44EF782B42F5B690DD293,490727305,2025-01-12 22:03:01,2025-01-19 05:00:56
android,1901F3E15EED47EBB9F4B98DA5EB4738,490727305,2025-01-12 22:01:48,2025-01-19 05:00:56
android,6FA809E3BFF4403891EAD8A5EE87EA64,490727305,2025-01-12 20:38:24,2025-01-19 05:00:56
android,B1010CA75A074E59AE0DDD1C9FDEDFF5,490727305,2025-01-12 19:57:19,2025-01-19 05:00:56
android,9F6AA4D8C8BC4B30850166C8D7173B63,490727305,2025-01-12 19:56:31,2025-01-19 05:00:56
android,1AB8FC11D6F142EA871EC025A8FFB8BF,490727305,2025-01-12 19:56:28,2025-01-19 05:00:56
android,CEF9212CCA9349AE8DD2FCC1E917957A,490727305,2025-01-12 19:21:25,2025-01-19 05:00:56
android,B96C4B9B088F49FAB8F6EBFBD5DF0116,490727305,2025-01-12 19:20:01,2025-01-19 05:00:56
android,5ADDBA90D0E342D495CDA5F879474DE7,490727305,2025-01-12 19:18:16,2025-01-19 05:00:56
android,AF63F26F5F4A4F9A8748FF9D049311C1,490727305,2025-01-12 18:59:15,2025-01-19 05:00:56
android,30707E177AC948159A709740BED0A1AB,490727305,2025-01-12 18:50:17,2025-01-19 05:00:56
android,6FD725B68B6B4353B63F2B047F2012DA,490727305,2025-01-12 18:49:42,2025-01-19 05:00:56
android,6F15C9D4ED244D649F54F5B1B362981E,490727305,2025-01-12 18:49:17,2025-01-19 05:00:56
android,12076F683C18424BAD748A7A563CA3A3,490727305,2025-01-12 18:21:27,2025-01-19 05:00:56
android,750C269D03254A9DB29FC21B5601A185,490727305,2025-01-12 18:20:33,2025-01-19 05:00:56
android,FA725DC810004A5A9C2B10CFBFF9DB99,490727305,2025-01-12 18:06:10,2025-01-19 05:00:56
android,1DC9429D240B4B3FB9D7903F15DDA988,490727305,2025-01-12 18:05:03,2025-01-19 05:00:56
android,F78600974A8842FBACC41517A8C5196D,490727305,2025-01-12 17:46:45,2025-01-19 05:00:56
android,27C80961ECEC406A82F3E4256B114E39,490727305,2025-01-12 04:08:26,2025-01-19 05:00:56
android,2F20756CC10E45CA82476A76F632535E,490727305,2025-01-12 01:57:15,2025-01-19 05:00:56
android,BA5D882AB1374E57AC8A753002F4F18A,490727305,2025-01-11 22:15:53,2025-01-19 05:00:56
android,CC7F4977D828481AA0EB30E2E8EA1062,490727305,2025-01-11 22:15:50,2025-01-19 05:00:56
android,70E618E406AA43899278517D32E2114C,490727305,2025-01-11 21:40:59,2025-01-19 05:00:56
android,4D72BC36D52D49C592BDB32645934034,490727305,2025-01-11 19:32:31,2025-01-19 05:00:56
android,628D37C229B0473E8CC25093725DE0FD,490727305,2025-01-11 19:17:38,2025-01-19 05:00:56
android,C1D716031B334E85A6E69ACB19AC5885,490727305,2025-01-11 19:00:15,2025-01-19 05:00:56
android,C52762F3A0B447ACA96F3801233B2F95,490727305,2025-01-11 18:44:05,2025-01-19 05:00:56
android,75F8FA933FDB4981936815E8FF262158,490727305,2025-01-11 18:37:18,2025-01-19 05:00:56
android,59677BBFCA12461BB069305587BD48F9,490727305,2025-01-11 18:36:13,2025-01-19 05:00:56
android,FFE78CE41CEF46EC8A156F8E0717638B,490727305,2025-01-11 18:35:47,2025-01-19 05:00:56
android,B911183AC5EF463984F423C60F64A803,490727305,2025-01-11 18:35:21,2025-01-19 05:00:56
android,B635B901EC1641A3A1AF6F9CEA6D579A,490727305,2025-01-11 18:34:38,2025-01-19 05:00:56
android,39CC7971424543F4B0465F1F79572C24,490727305,2025-01-11 18:34:05,2025-01-19 05:00:56
android,C43C28B1BF6745889EA7A721EB682847,490727305,2025-01-11 18:33:32,2025-01-19 05:00:56
android,CE31B74ADDF24EA595F72FD586D0EAE2,490727305,2025-01-11 18:33:10,2025-01-19 05:00:56
android,51DE253D46A74B2E959C9177CC6BBA8E,490727305,2025-01-11 18:31:08,2025-01-19 05:00:56
android,534BC6B7C58E436BBE0E25059DFD0F51,490727305,2025-01-11 18:27:29,2025-01-19 05:00:56
android,7FF20A67E5AE4FB8A28E300A35FB74C9,490727305,2025-01-11 17:59:25,2025-01-19 05:00:56
android,A2BCCC1E0AC24CD894FFC3CC78650F9E,490727305,2025-01-10 18:54:53,2025-01-19 05:00:56
android,1AF4584EC16743AAA36CA4DB869EA612,490727305,2025-01-10 18:54:04,2025-01-19 05:00:56
android,6F06A4B8C4A3490E85869FCCC749E9DA,490727305,2025-01-10 18:53:12,2025-01-19 05:00:56
android,83B18568AD0A42E399709305849859E0,490727305,2025-01-10 18:52:59,2025-01-19 05:00:56
android,2104A895C8E14A65B04807DCC1EBD5AD,490727305,2025-01-10 18:52:43,2025-01-19 05:00:56
android,FD14C4F5284A43EAAB1482806C12C6F4,490727305,2025-01-10 18:11:03,2025-01-19 05:00:56
android,35A0E0D3608A4CE1BC06AADEE4F33E6C,490727305,2025-01-10 18:10:44,2025-01-19 05:00:56
android,CD5D119855234B1DB186695DD21F0FDD,490727305,2025-01-10 08:58:05,2025-01-19 05:00:56
android,C11277A0A2E443B393F78B9027254F6B,490727305,2025-01-10 08:57:31,2025-01-19 05:00:56
android,9392794D74084458813F3357272681F6,490727305,2025-01-10 08:56:55,2025-01-19 05:00:56
android,22D9753910B645CE87336115C463D126,490727305,2025-01-10 06:04:52,2025-01-19 05:00:56
android,81B2EE74F5944FEABD7D92AC4E964404,490727305,2025-01-10 06:04:18,2025-01-19 05:00:56
android,12AF80F6EC77456F9A83AACD1E8339CF,490727305,2025-01-10 06:03:47,2025-01-19 05:00:56
android,A7150CE1EB9F4F6A88255B924A99E009,490727305,2025-01-10 05:43:00,2025-01-19 05:00:56
android,065660912C83409DBB3786E0C1ADA44F,490727305,2025-01-09 02:33:39,2025-01-19 05:00:56
android,46188621EC3F438EB6E3B3254787BCC0,490727305,2025-01-09 00:17:57,2025-01-19 05:00:56
android,DBD9B613E9134A229813E2E6ABAF0664,490727305,2025-01-08 22:11:00,2025-01-19 05:00:56
android,EB6773DDEB5F40DD991FA4C2CC3CB972,490727305,2025-01-08 05:56:30,2025-01-19 05:00:56
android,2D714931B4F247E2B45595BC30F44797,490727305,2024-12-30 05:39:18,2025-01-19 05:00:56
android,26B136D74C174699B7ECE5F2B2B30B92,430933929,2024-08-06 06:19:40,2025-01-19 11:31:09
android,6E126903C2D64236BE60F3EAF99808C7,430933929,2024-08-06 05:00:24,2025-01-19 11:31:09
android,95395B81A373428D9F8165AF5F8A5130,430933929,2023-07-21 14:12:44,2025-01-19 11:31:09
android,348E10CA3DB34502AB68BC15EF9E97D9,430933929,2023-05-02 08:09:58,2025-01-19 11:31:09
android,AE69433497FF44A18207EBC717321846,430933929,2023-04-26 07:28:50,2025-01-19 11:31:09
android,E1B485E6E71F4457B06BA45ADF4E5A63,430933929,2023-04-02 17:27:18,2025-01-19 11:31:09
android,404502B3DD4346289E608D21EDCDABBB,485472440,2025-01-15 20:22:40,2025-01-19 11:31:09
android,25285160C2244B439224313343E6443A,485472440,2024-10-30 21:12:26,2025-01-19 11:31:09
android,6340A670D98B449388875292976B4E90,456700629,2025-01-19 07:31:50,2025-01-19 14:00:53
android,A098DF95910840D3812C3DB3DC7A9709,456700629,2025-01-19 07:24:46,2025-01-19 14:00:53
android,540096F93AA349B4AE370830EBE582B5,456700629,2025-01-12 21:39:06,2025-01-19 14:00:53
android,2A17F26E22C94D069B478C5BF228D58F,456700629,2024-12-03 21:56:26,2025-01-19 14:00:53
android,77BC535540AA4439A0A182F8B0B018FA,456700629,2024-07-23 07:43:27,2025-01-19 14:00:53
android,80BB83BC1E8D44F096F7AAEFA691B8BE,456700629,2024-05-11 19:55:51,2025-01-19 14:00:53
android,9D93815CCA2D4D958C4146FDD21A57CD,456700629,2024-01-11 19:42:06,2025-01-19 14:00:53
android,49A8817383B84BC793DD09C965A001B5,456700629,2023-12-21 19:49:16,2025-01-19 14:00:53
android,C42B250D63FC40CE9E6695325E1231BF,456700629,2023-12-11 18:34:24,2025-01-19 14:00:53
android,0D459A4C090D402EAD28F18D38D2B2CA,456700629,2023-12-10 11:00:15,2025-01-19 14:00:53
android,480D46C6A02844D984D46C0D061AE598,456700629,2023-12-09 09:41:48,2025-01-19 14:00:53
android,682571638AF94CECB544FEBCA1A2BDF8,456700629,2023-12-08 18:00:04,2025-01-19 14:00:53
android,E4CB756196824ED9B25D5B531B62E166,456700629,2023-12-07 17:27:54,2025-01-19 14:00:53
android,FECB7E206E50427A823F3655D9599962,428560326,2023-02-17 13:12:40,2025-01-19 15:23:26
android,A85FC71EE3B945DA8CDDA488F53E8E67,472473538,2025-01-19 09:26:10,2025-01-19 15:23:26
android,07090C32E52049829D4D40E047F57EB7,409541508,2023-06-06 14:01:48,2025-01-19 18:00:48
android,2B1584318D5645DAB64BC9F67D4DE388,411178367,2025-01-08 21:48:09,2025-01-19 18:00:54
android,3DECBBB1B20C4A96B5C6F3F3F13B2C7B,411178367,2025-01-08 21:47:39,2025-01-19 18:00:54
android,BB74AA80668D4BDB836C7A963B656051,411178367,2024-12-29 23:59:59,2025-01-19 18:00:54
android,0E10D9218CD54E2384344A97926F1EB6,411178367,2024-12-28 16:49:49,2025-01-19 18:00:54
android,E2CE0369A6EF4286B927EBEE414657B5,411178367,2024-12-28 16:48:17,2025-01-19 18:00:54
android,85D4E4C2C3A74C8793295B0288E195E0,411178367,2024-09-14 12:38:53,2025-01-19 18:00:54
android,3864953FA442417B885A69C4F3F973DC,411178367,2024-08-14 17:07:03,2025-01-19 18:00:54
android,CA2BC663608544EC9E0211B1994DEE20,449115168,2024-04-10 09:00:26,2025-01-19 18:14:30
android,FAFC925D70C74223B74531738203B13C,449115168,2024-04-10 08:59:45,2025-01-19 18:14:30
android,D807AD5C13E4433383628F262D7DA0B0,449115168,2024-04-10 08:59:22,2025-01-19 18:14:30
android,ABC4B5EA7AFC4985AAEE0B7C17DC97B3,449115168,2023-09-06 05:27:13,2025-01-19 18:14:30
android,FAC700AF113C4D049F73A8DE6933A7B0,430255201,2025-01-19 11:51:20,2025-01-19 19:00:44
android,A4B7B8DD963C4AF19E6FC8181105611C,430255201,2025-01-19 11:49:04,2025-01-19 19:00:44
android,8B4AAC06C52A4D4693044F1C64AD5ABF,430255201,2025-01-12 11:13:43,2025-01-19 19:00:44
android,42BA8CDB5372456A9DD1B71312F177E4,430255201,2024-05-03 16:08:47,2025-01-19 19:00:44
android,F3E84AB1A0EF4AC9AF2C08C2E08BF0A0,490342095,2025-01-12 19:00:52,2025-01-19 20:01:03
android,E2924EC184F444A3AC3D25C3E13BF396,490342095,2025-01-07 12:56:41,2025-01-19 20:01:03
android,0DF394F38A8541A0929EC84B31BC1350,490342095,2024-12-28 01:49:07,2025-01-19 20:01:03
android,8C799E2508E84EB8881EB42DF4BED593,490342095,2024-12-28 01:48:52,2025-01-19 20:01:03
android,20F03839F75847458F8402542F381A5A,492378751,2025-01-19 15:17:48,2025-01-19 22:01:14
android,3D4F6B65744C46F3BEDF026A4798CA5D,490580950,2025-01-03 07:48:46,2025-01-20 10:00:43
android,0D81E3F6DD41403DBAD8E2A527C39546,490580950,2025-01-01 13:45:54,2025-01-20 10:00:43
android,89487DB938B3406283EA6EFB25BA9F26,490580950,2024-12-31 21:42:34,2025-01-20 10:00:43
android,DA22A489D9AC4D9AA8EC1EC2A9F44326,489822497,2025-01-24 00:20:13,2025-01-20 14:40:46
android,27936F79ABD246279907BA65211AF333,489822497,2025-01-23 00:47:22,2025-01-20 14:40:46
android,A2F632FBC19A402BB46D2C6490F0880C,489822497,2025-01-20 08:49:04,2025-01-20 14:40:46
android,75291E1F32C14581A1C26E9D8E513805,489822497,2025-01-20 02:27:30,2025-01-20 14:40:46
android,132A15249DAA4A34A8AEF62E3FEC9FB9,489822497,2025-01-20 01:17:25,2025-01-20 14:40:46
android,20AC3586F88440568A8FC5BB8639CF08,489822497,2025-01-20 01:06:23,2025-01-20 14:40:46
android,11846709AD53464B8B024CCEF09FA514,489822497,2025-01-19 21:06:44,2025-01-20 14:40:46
android,BCB997DC035A464D91E4DDCBD836624C,489822497,2025-01-19 09:29:07,2025-01-20 14:40:46
android,1162EBAE50174B4B9838B976E955034E,489822497,2025-01-19 08:24:06,2025-01-20 14:40:46
android,3F0C11AD248E49778353C5F8F7814EA4,489822497,2024-12-19 09:26:21,2025-01-20 14:40:46
android,82F9D1C79E3542DB945FE98B2B652DCE,477375451,2024-12-17 15:22:01,2025-01-20 14:41:44
android,A028547C13C649D188C0D9B183CD7BC6,477375451,2024-12-11 06:52:06,2025-01-20 14:41:44
android,2B513E35BF4C482E94562E202FD28C64,477375451,2024-12-09 00:37:43,2025-01-20 14:41:44
android,42C27143931E4D7DA0BE58FDDDD95DE2,477375451,2024-11-30 02:34:43,2025-01-20 14:41:44
android,A561B767481544E3ACDBB03098B330CF,477375451,2024-11-30 02:27:42,2025-01-20 14:41:44
android,8F2300C1B0694E6BBEBB3785050AA1FC,477375451,2024-11-29 04:26:19,2025-01-20 14:41:44
android,2679E04D8944476F8026F6887E9E0580,477375451,2024-11-29 03:05:28,2025-01-20 14:41:44
android,DA56BD5F0B304C678F6BAA358DBA5A09,477375451,2024-11-16 07:38:57,2025-01-20 14:41:44
android,5BE1530696524922830F2A36FC48CC55,477375451,2024-11-08 07:03:24,2025-01-20 14:41:44
android,A26BC65E55D24B83B169301DC6F5ACE0,477375451,2024-11-08 02:15:57,2025-01-20 14:41:44
android,0F4E6A3A1052460B8E91D6EBB299E15B,477375451,2024-11-02 04:12:50,2025-01-20 14:41:44
android,D3B1C58F20E1467CAD1499D68869EB26,477375451,2024-10-31 22:50:07,2025-01-20 14:41:44
android,EEB8476EF94B4C61AD53DFDF41FA3399,477375451,2024-10-19 06:59:37,2025-01-20 14:41:44
android,2CF53450EE0B40049E661A188FCCC9D2,477375451,2024-10-17 19:34:00,2025-01-20 14:41:44
android,F7795258F90E4F078871340B22E35621,477375451,2024-09-01 02:23:44,2025-01-20 14:41:44
android,E0B327B42F144192A5925AFB9F5492A3,477375451,2024-08-30 23:32:48,2025-01-20 14:41:44
android,541A730E8E2A48F0B26AACDB5926235E,477375451,2024-08-30 13:40:13,2025-01-20 14:41:44
android,B33F3004BEB2448BB4C046D89D1C69C6,477375451,2024-08-18 09:33:29,2025-01-20 14:41:44
android,339E84FE44E34ACFA44DD5B927FD753E,477375451,2024-07-31 09:32:15,2025-01-20 14:41:44
android,931561F590104B7EB9931E6C3B417145,477375451,2024-07-31 07:17:39,2025-01-20 14:41:44
android,F5040BECF9704A6E9F5E0CCB5F56EB1A,477375451,2024-07-31 07:17:09,2025-01-20 14:41:44
android,87280861828E4755BA5D5FB3CA33F19F,492420159,2025-01-21 02:14:58,2025-01-20 18:00:58
android,3E13A11153594A76B1D020DD8597DB25,492420159,2025-01-20 08:05:24,2025-01-20 18:00:58
android,6232DD7F7B704F628EFB4D1A2D339E72,492420159,2025-01-20 06:05:36,2025-01-20 18:00:58
android,E4FCC578FE46469DB56BF738182CEAC7,483547439,2025-01-20 23:00:23,2025-01-21 11:00:47
android,119219FB129C4D60864477E41DF73B66,483547439,2025-01-20 22:35:17,2025-01-21 11:00:47
android,DBC2149CC1DC461F9A48730C0B34ECB4,483547439,2024-12-07 16:26:46,2025-01-21 11:00:47
android,D6B751D2CC78443B88E299B4C9511050,492524175,2025-01-21 15:35:07,2025-01-21 21:31:58
android,8D789DDE8EDC42DBBB7478982681E3E9,483631407,2024-10-12 04:13:49,2025-01-22 09:01:07
android,6E6344524D734492BD63D70607DE61A8,483631407,2024-10-10 08:37:44,2025-01-22 09:01:07
android,49A6B9DAA8B74CA99DE6C4C52B78F958,486970623,2024-11-19 04:30:48,2025-01-22 09:01:07
android,5B76D0917B6345E49DBEE534D95A54C6,486970623,2024-11-16 08:28:46,2025-01-22 09:01:07
android,C67E5E26F8D24666A85E8C3CEF9964B0,490497676,2025-01-04 16:36:58,2025-01-22 18:01:01
android,3DAAF74A09F34FADA3B73DDC5ED258E7,490497676,2024-12-27 13:06:12,2025-01-22 18:01:01
android,20BA9497C7854F998FBD62F5AF6DA242,492596034,2025-01-22 14:50:02,2025-01-22 21:00:38
android,C59CC512CCD244DFBDAD17262E0EBDC9,263238963,2021-09-09 00:59:55,2025-01-23 08:03:15
android,925E0675808541CA9D3C9103B50A3282,436243253,2023-05-11 17:08:28,2025-01-23 08:03:15
android,B1157EE8DF594C879AB1ECC0A186A75E,460272145,2024-08-08 08:22:05,2025-01-23 18:18:26
android,AD0FD5D636DF4314BD459708E046CD6C,460272145,2024-02-05 14:44:47,2025-01-23 18:18:26
android,D06BF785B6634156989593E3989E8DD4,460272145,2024-02-05 14:40:10,2025-01-23 18:18:26
android,4CADA6E9742D4B0C8C6D924575165C53,491971507,2025-01-14 14:19:53,2025-01-24 17:00:54
android,38F89A515E0E413497A040ED650B27E6,426819176,2025-01-01 02:08:51,2025-01-25 09:11:10
android,770975FD751E47CDA3631948C0013AA5,426819176,2024-12-23 00:50:29,2025-01-25 09:11:10
android,2031AE01C3B1425A9C2626247F8A2089,426819176,2024-12-22 13:26:21,2025-01-25 09:11:10
android,F4CC60CFA49F4AC3BAF0792CA6BCB5AB,426819176,2024-12-22 13:19:13,2025-01-25 09:11:10
android,20769187047D4002986DD7C150704FA6,426819176,2024-12-22 08:51:44,2025-01-25 09:11:10
android,27D016695D654A84BE326E74D2F5A99C,426819176,2024-12-22 08:50:12,2025-01-25 09:11:10
android,60A366B37A79439BB7FF4F965134C568,426819176,2024-12-22 08:50:06,2025-01-25 09:11:10
android,D3BA1F7E9F6C49C1A87CBF0DA6B9C392,426819176,2024-12-22 08:46:02,2025-01-25 09:11:10
android,4E2726258F214471B14465D209386940,426819176,2024-12-22 07:16:50,2025-01-25 09:11:10
android,1FB1DEA922934307B66CBF30006802A7,426819176,2023-02-02 21:51:52,2025-01-25 09:11:10
android,D1F476B9BDD8411FBEEB159D09541DFE,492687308,2025-01-25 02:14:47,2025-01-25 09:11:10
android,2ACF299EB6704691A3679481ADFD721C,492816123,2025-01-25 05:35:14,2025-01-25 11:34:29
android,B09415459550426EBC55DDB2A89DFB9C,492816123,2025-01-25 05:33:19,2025-01-25 11:34:29
android,9BE9022A31AF4E7E873162578008249D,464250487,2025-01-11 05:22:21,2025-01-25 13:01:06
android,68F64DAD95E94E1980B6FD9A0631DDE7,464250487,2024-06-11 04:56:01,2025-01-25 13:01:06
android,66EA18884F32431DB29B20A7757F9350,464250487,2024-06-11 04:55:12,2025-01-25 13:01:06
android,36A58421F8304958A0EEA8BF314AA79B,464250487,2024-05-04 05:19:05,2025-01-25 13:01:06
android,CA77ED2AA44D4D5D9436EB0344BB41DC,464250487,2024-03-15 15:27:29,2025-01-25 13:01:06
android,9E0DFAA5C0B44D2F98F450DC04578486,464250487,2024-03-11 02:54:34,2025-01-25 13:01:06
android,EE630214CFB54EE5B11123BD6C25B839,464250487,2024-02-26 06:43:52,2025-01-25 13:01:06
android,489A86EACB7742E2B5A261D7A5E5FBB4,489845385,2025-01-10 02:10:06,2025-01-25 15:02:27
android,1C1403FD9EB44067914535057CAEF902,489845385,2025-01-10 02:09:49,2025-01-25 15:02:27
android,50229B415AD74EC68D2027CC72C6E04E,489845385,2025-01-06 10:31:49,2025-01-25 15:02:27
android,C8EFBF81ED2B499993F38C95D7428572,489845385,2024-12-22 05:34:59,2025-01-25 15:02:27
android,D9C21BB561454538BA6CACBB3C685E6D,486820000,2025-01-25 16:20:21,2025-01-26 00:00:44
android,5EF9DFA708FC4155ADB712AE511DE1E8,486820000,2025-01-25 07:13:39,2025-01-26 00:00:44
android,CFC1BF1B5699427DB0F44E4A5F0BCD86,486820000,2025-01-24 16:58:52,2025-01-26 00:00:44
android,BD434B375C134101863683BAC5E5B4B8,486820000,2025-01-24 00:32:07,2025-01-26 00:00:44
android,C9E2A4B3B45D4439A915B795BA7FC541,486820000,2025-01-22 21:49:14,2025-01-26 00:00:44
android,4A0B07A9342343A29B12FCEF769D8254,486820000,2025-01-22 20:24:56,2025-01-26 00:00:44
android,D0EEAE78619D4277BCF85013B4948E41,486820000,2025-01-22 20:22:40,2025-01-26 00:00:44
android,5080181BAA644AEB8F4AFE9306A7AE6F,486820000,2025-01-22 20:05:47,2025-01-26 00:00:44
android,E1552211101D4756863D7791A851EC8F,486820000,2025-01-22 19:17:32,2025-01-26 00:00:44
android,026D5D77ACA74233AC722733AB113502,486820000,2025-01-22 19:02:48,2025-01-26 00:00:44
android,1E656C9368EA4946897546FEDB78706A,486820000,2025-01-22 02:39:15,2025-01-26 00:00:44
android,E10323FC639A45408E6DC0C0F34C4C56,486820000,2025-01-22 02:33:14,2025-01-26 00:00:44
android,3F0B38FEC51F481ABFBABAD8A03BE631,486820000,2025-01-22 02:27:51,2025-01-26 00:00:44
android,DDC111F41C4F40B6B9705C8F4329E96B,486820000,2025-01-22 02:20:34,2025-01-26 00:00:44
android,E87F5074F0CD4EF794965E96DFB82317,486820000,2025-01-22 02:13:29,2025-01-26 00:00:44
android,21F3F7BEB57F46169DF90D23836C996E,486820000,2025-01-19 20:54:07,2025-01-26 00:00:44
android,BCC5917FFBEB4CD19B5FDDB5A9B93783,486820000,2025-01-19 06:42:37,2025-01-26 00:00:44
android,54558BBCE89B4593AF0B952870BC72CF,486820000,2025-01-18 23:37:00,2025-01-26 00:00:44
android,5A84E0DB99684B9D890386CA3C568DD1,486820000,2025-01-17 01:59:12,2025-01-26 00:00:44
android,207E010EEB464FA6BF8425F6119E6F96,486820000,2025-01-15 05:55:39,2025-01-26 00:00:44
android,471A59C8247D4DC1B618B3720CC95250,486820000,2025-01-14 01:33:17,2025-01-26 00:00:44
android,5080B82617A44846984CDC3C5686ACCD,486820000,2025-01-13 03:14:32,2025-01-26 00:00:44
android,2459B01B1F5C42F780042B447670EE2B,486820000,2025-01-12 21:00:20,2025-01-26 00:00:44
android,F2B5883AF9F04A8AAA5265B9C6EE1035,486820000,2025-01-11 00:29:41,2025-01-26 00:00:44
android,98CEF04AACE844C1B5ADDFE7726787D3,486820000,2025-01-07 05:59:25,2025-01-26 00:00:44
android,0DD9F59309744266ADB93169D1103124,486820000,2025-01-05 21:42:18,2025-01-26 00:00:44
android,8527EBDE39DE4C83A916A210771B6192,486820000,2025-01-05 05:33:48,2025-01-26 00:00:44
android,94C8B4C1222B42C6924B26EF0D36B558,486820000,2025-01-05 02:58:32,2025-01-26 00:00:44
android,FE3FCE519FA44B3F86B277071FDD5754,486820000,2025-01-05 02:24:27,2025-01-26 00:00:44
android,AFF041A5DAE745B18485BD7B21944C23,486820000,2025-01-05 02:19:30,2025-01-26 00:00:44
android,9913FC223345498FA63149A4B68E31F0,486820000,2025-01-05 02:19:09,2025-01-26 00:00:44
android,EDF58A053C8A47368D3C6E92D797B347,486820000,2025-01-05 02:15:43,2025-01-26 00:00:44
android,E5E8D5FF6BA346FCB24CC622B2802F90,486820000,2025-01-04 20:43:02,2025-01-26 00:00:44
android,BD21C755B09F4FB1BD1D7847D7EA0E70,486820000,2025-01-04 05:34:50,2025-01-26 00:00:44
android,E8EEF7B6F4094BBD8518A18B1C830677,486820000,2025-01-03 21:05:22,2025-01-26 00:00:44
android,FBA480678953414D8911289F0BAA7ACF,486820000,2025-01-03 04:33:38,2025-01-26 00:00:44
android,55914F0AF214450CB6F0FEC8E3452FD2,486820000,2025-01-02 19:00:02,2025-01-26 00:00:44
android,738EB23EA40E4C198EF59A2E15AB0061,486820000,2024-12-27 23:19:53,2025-01-26 00:00:44
android,2A1A8CEA774D42CCB202E5AE4750467A,486820000,2024-12-15 01:18:14,2025-01-26 00:00:44
android,62F1023251084BECA5BE051939F275B3,486820000,2024-12-11 22:57:51,2025-01-26 00:00:44
android,DB35B9C390C0485C890EC65FFE3B2CC8,486820000,2024-12-05 23:18:29,2025-01-26 00:00:44
android,E460A885A00C48659C3DCB91548E3E32,486820000,2024-11-29 03:39:44,2025-01-26 00:00:44
android,B96EF4E9ADF546D38E6404AA9E7E706C,486820000,2024-11-28 21:17:04,2025-01-26 00:00:44
android,9945EE607D314B45B54182466353E036,486820000,2024-11-27 22:17:45,2025-01-26 00:00:44
android,AF220865E6DB4537BF435C15387C264C,486820000,2024-11-21 16:47:20,2025-01-26 00:00:44
android,31C82D2E9AD945F8B3BC50364627ACAC,486820000,2024-11-14 17:02:12,2025-01-26 00:00:44
android,0BDB8F1C562041B685FB540746E9A1E2,492624361,2025-01-25 11:47:32,2025-01-26 02:01:08
android,206EED81CD444CD896BCCE2072452399,492624361,2025-01-22 22:13:13,2025-01-26 02:01:08
android,4AB7ADEC291549A18D2A0DA421999CC0,492878274,2025-01-26 06:18:04,2025-01-26 04:01:03
android,7EDACB0FD85345859D58738DB4FC1727,492878274,2025-01-25 21:51:24,2025-01-26 04:01:03
android,5F0D58F15B03489496D131478E9ED444,474903383,2024-10-13 04:53:56,2025-01-26 05:00:38
android,6AA71DB0D9CD4D628D1ECFE2CBE8117F,474903383,2024-10-09 22:20:40,2025-01-26 05:00:38
android,1D515487B9B34ACEA4F620E844F65656,474903383,2024-10-09 05:22:47,2025-01-26 05:00:38
android,D4E40AED351C4487936D286628E1E113,474903383,2024-10-05 04:38:58,2025-01-26 05:00:38
android,705E728AAAF4409AA33F7EC0FA10F4AA,474903383,2024-10-02 05:39:17,2025-01-26 05:00:38
android,3D40BD6D6A6C4C39A3CDDAF69F9CE124,474903383,2024-09-30 21:30:03,2025-01-26 05:00:38
android,DA15C06A96024FAA99BC24C7C2B4321F,474903383,2024-08-31 22:25:23,2025-01-26 05:00:38
android,075AEA45393E4FA9BD2D522C0FF05067,474903383,2024-08-21 06:42:46,2025-01-26 05:00:38
android,9675925877774443A4BA21CE596AB1F9,474903383,2024-08-15 05:05:44,2025-01-26 05:00:38
android,F502AD0D08384911B41AFEFF5706999B,474903383,2024-07-06 02:05:10,2025-01-26 05:00:38
android,F258783506FA4819A49DE89DED5B22CD,474903383,2024-07-03 04:20:35,2025-01-26 05:00:38
android,7A68B871D49149F1A3D52EF47BC85FE4,474903383,2024-07-02 23:12:59,2025-01-26 05:00:38
android,C9DB9226A33442E28811C3994C7EDFA5,474903383,2024-07-02 20:19:37,2025-01-26 05:00:38
android,18913006B77B439294151D26FAC417E0,474903383,2024-07-02 20:14:08,2025-01-26 05:00:38
android,23AA667E08F042ECBF0D65CD3455BA85,484504488,2025-01-16 04:34:42,2025-01-26 05:00:38
android,5B3EF424CF974189BE1416B388A201A2,484504488,2024-12-26 02:02:57,2025-01-26 05:00:38
android,2DB249580984466D893EC8029E094C35,484504488,2024-12-26 00:20:53,2025-01-26 05:00:38
android,EE20F5AA9C7744D39DEE35C2187BC469,484504488,2024-12-21 03:57:25,2025-01-26 05:00:38
android,329A3B80B42E4ED1A15815BAD33E1244,484504488,2024-12-19 18:12:44,2025-01-26 05:00:38
android,36166BE9EB0142969E6A9D56913D33BC,484504488,2024-12-19 18:12:29,2025-01-26 05:00:38
android,A47CC71F78BD433A9E21E01EBE6F512F,484504488,2024-12-17 20:24:44,2025-01-26 05:00:38
android,EAF39335F9374BA18BBCAB9ED507A814,484504488,2024-12-13 03:36:29,2025-01-26 05:00:38
android,F42BC7BBE866430796CD5DAD8DB90D47,484504488,2024-12-13 00:52:28,2025-01-26 05:00:38
android,D220FD4875EC493498ABCC2A2F7BCC33,484504488,2024-12-09 02:24:14,2025-01-26 05:00:38
android,8A7AF8D0D5024D7CBAB9B0A1C27EEDC1,484504488,2024-11-28 05:09:15,2025-01-26 05:00:38
android,86C5F52688764A789E32AE6DA9A0FD78,484504488,2024-11-16 19:30:24,2025-01-26 05:00:38
android,F936DF6E7AF74811B01C5E5D7F58A50F,484504488,2024-11-16 19:29:49,2025-01-26 05:00:38
android,C52A5DF491C74DE7A47D1F6DE622D0AE,492857730,2025-01-25 18:51:42,2025-01-26 06:17:25
android,B6B675D6F6B74ED6B3D727F6FF9564F4,492857730,2025-01-25 18:51:36,2025-01-26 06:17:25
android,7347E2B1781F4F0DA5641AE0F5B4211E,492695792,2025-01-24 15:28:05,2025-01-26 18:00:58
android,7615848BD8FE485BAD99A611407F0D9F,492695792,2025-01-24 01:17:44,2025-01-26 18:00:58
android,D3F9E7953BAE40358F0D583F13167352,360646999,2022-08-06 19:16:31,2025-01-26 18:01:00
android,D24ECCD126674AE8B1756CF0400FBB34,360646999,2022-05-14 17:52:35,2025-01-26 18:01:00
android,29544AD65D2C4367A1445640C8AE5097,360646999,2021-12-27 17:42:45,2025-01-26 18:01:00
android,DBC475601F534825B9068D4F0F004BC0,360646999,2021-07-15 14:31:30,2025-01-26 18:01:00
android,CD96839C02164F09BC07D348998AB220,360646999,2021-07-10 17:39:53,2025-01-26 18:01:00
android,CE174D371AFC4E67AAD817F799CD2C5D,439128493,2025-01-26 11:14:59,2025-01-26 18:01:00
android,B8CA9A8BD117479BA8B3B88DB3AE858E,439128493,2025-01-26 11:11:51,2025-01-26 18:01:00
android,A042CC1D9D904D8ABCFDE2410E6B729A,439128493,2025-01-26 09:06:58,2025-01-26 18:01:00
android,32B6E215B9644CF2A030728D9D8EEE6E,439128493,2025-01-23 16:56:32,2025-01-26 18:01:00
android,BB6DA29419EC4AA7891401EB5C71A4FD,439128493,2025-01-23 16:50:59,2025-01-26 18:01:00
android,477AA9A7AC0A42AE8EAE6258088BDD49,439128493,2025-01-15 17:14:09,2025-01-26 18:01:00
android,6ECFBDCAC49645109CCAAB2BC28F9F74,439128493,2025-01-12 07:30:16,2025-01-26 18:01:00
android,04D930EB3A9C40E1877F67DE9741AD85,439128493,2024-07-07 09:20:22,2025-01-26 18:01:00
android,E8CA24587D854FC6BF9305642B544CE0,439128493,2023-08-27 03:36:01,2025-01-26 18:01:00
android,5716E77F7B3E43C0AA47AA3E53AECCD2,439128493,2023-08-15 10:13:03,2025-01-26 18:01:00
android,5CCC419EFC074A2E877939FAA03D8903,473745837,2024-11-29 13:54:38,2025-01-26 21:00:46
android,6C7C9B2A234B4696B1A358A0827E5D3E,473745837,2024-06-25 10:27:55,2025-01-26 21:00:46
android,2B32C141CBE3427A9E1B6C767978ACEF,473745837,2024-06-19 11:02:31,2025-01-26 21:00:46
android,2B344AF041B040C2BA3B398DD4D58AAB,473745837,2024-06-19 11:01:47,2025-01-26 21:00:46
android,CE8F2241DA514D6781F43FB29173B2A8,484653899,2025-01-24 20:52:00,2025-01-26 21:00:46
android,C091FE79FF4643C4A172BE39D39AC9F1,484653899,2025-01-24 18:02:18,2025-01-26 21:00:46
android,FAAE0D3183C74CD6AADA431CEE6289D1,484653899,2025-01-24 18:01:54,2025-01-26 21:00:46
android,03682D300129445E88360181568238BE,484653899,2025-01-23 17:01:35,2025-01-26 21:00:46
android,717891197887416E9FBD9147F67D3CF0,484653899,2025-01-23 17:00:10,2025-01-26 21:00:46
android,437C468A8DFA4B71828066A4DF913725,484653899,2025-01-08 14:33:36,2025-01-26 21:00:46
android,3062F3C705304852B86BF75EA0B174A2,484653899,2024-12-21 15:48:40,2025-01-26 21:00:46
android,E27DDFEACB774BAEA67C7171A82F94DC,484653899,2024-12-06 19:02:45,2025-01-26 21:00:46
android,51A3A9F9405D4269A7FE76425D39DB3C,484653899,2024-12-01 17:19:59,2025-01-26 21:00:46
android,D510FB2A190D475282FF7049BF28F5F3,484653899,2024-11-30 18:24:21,2025-01-26 21:00:46
android,8E153B4B041B4E8CBEE697CFE99C1296,484653899,2024-11-30 14:04:38,2025-01-26 21:00:46
android,6862552C2C0D443E9551E8954B730F43,484653899,2024-11-29 21:12:59,2025-01-26 21:00:46
android,7935042B27CE44089B121C706C01E666,484653899,2024-11-29 21:11:41,2025-01-26 21:00:46
android,12C2A4BC54434D0683787927DBC21E30,484653899,2024-11-29 21:10:13,2025-01-26 21:00:46
android,3FFEB74ACB8A44B4BA0EBD451FE28D39,484653899,2024-11-29 21:07:51,2025-01-26 21:00:46
android,B98B89ADDACA409B8CB5DF1675713253,484653899,2024-11-29 20:07:26,2025-01-26 21:00:46
android,73C66094ECAF41D0BE00FFE7F7F60F98,484653899,2024-11-29 17:52:17,2025-01-26 21:00:46
android,E03E9A1804E649988B7AAA29541E654A,484653899,2024-11-29 15:44:28,2025-01-26 21:00:46
android,F67F401EF85446658DFB5ADAACF31F1B,484653899,2024-11-29 13:48:14,2025-01-26 21:00:46
android,7BE4E467725A48ECBF6DE7C3E9FA3176,484653899,2024-11-29 11:48:51,2025-01-26 21:00:46
android,4E0136A9C194428A887F8CE804002AB3,484653899,2024-11-28 16:47:58,2025-01-26 21:00:46
android,5778592EAB1D43E09741BCBBFC7C26EC,484653899,2024-11-26 15:28:16,2025-01-26 21:00:46
android,57A7B437127B45C0B5E1C0BB094B3C51,484653899,2024-11-24 09:19:28,2025-01-26 21:00:46
android,78BEF97CFBEC453D98541A220046BD10,484653899,2024-11-24 09:17:48,2025-01-26 21:00:46
android,627E11A4820B478D9F439DE05C7B79DC,484653899,2024-11-23 19:35:06,2025-01-26 21:00:46
android,100D20A019A5486B9716B4D6AF809388,484653899,2024-11-22 16:00:25,2025-01-26 21:00:46
android,3F2C9696383B4042BC5CE4F792BA1317,484653899,2024-11-22 15:55:48,2025-01-26 21:00:46
android,84533ABDCF224B1CBEE06C9B8ACD2F7B,484653899,2024-11-04 06:11:00,2025-01-26 21:00:46
android,C7007121DF4944309B10132291809BC3,484653899,2024-11-03 16:12:22,2025-01-26 21:00:46
android,D108B539FA494544B3C0DD8308CCEDC6,484653899,2024-11-03 15:13:08,2025-01-26 21:00:46
android,4EB1A836333945A29A459307CEBA3870,484653899,2024-11-03 15:10:16,2025-01-26 21:00:46
android,5147F3FE09764ADBADE8EBAF97835E6F,484653899,2024-11-02 16:59:56,2025-01-26 21:00:46
android,89E07C5F6E6E4A8581072AFAB8BE2C5D,484653899,2024-11-02 16:58:57,2025-01-26 21:00:46
android,4D8B4D37FD2A4FA38866744550C37E8D,484653899,2024-11-02 15:58:31,2025-01-26 21:00:46
android,9D10BB5E81A14E379F6E3AD61F47D2ED,484653899,2024-11-02 15:57:57,2025-01-26 21:00:46
android,663D7A95C0534C049F4D0842512C5EA7,484653899,2024-11-02 15:55:36,2025-01-26 21:00:46
android,CB671D9B43F0406EBA864CAFC4E05892,484653899,2024-11-02 15:54:02,2025-01-26 21:00:46
android,7DECF1C62E544F869E27625D5172AA9E,484653899,2024-11-02 15:53:38,2025-01-26 21:00:46
android,B908E11ECB394D56950FABB6CE50F05B,484653899,2024-11-02 15:50:32,2025-01-26 21:00:46
android,FF9237132E2A4170B6F6ABE6EA2CD746,484653899,2024-10-21 19:11:18,2025-01-26 21:00:46
android,7F5BC8A8FD1C469D9F5CD1A97AB31F87,484653899,2024-10-21 19:10:49,2025-01-26 21:00:46
android,2AA173033A694666B8A9905F0158A25B,484653899,2024-10-21 19:10:07,2025-01-26 21:00:46
android,15D7E13999E24DBCADDF22EAF7B71151,488105342,2024-12-05 13:51:56,2025-01-26 21:00:46
android,2A0AD69AB0AE4591B13956B685012F35,488105342,2024-12-01 16:04:54,2025-01-26 21:00:46
android,0B7A737998164A388904348BB51E7C50,488105342,2024-11-29 13:38:11,2025-01-26 21:00:46
android,A5ABEDF38EBA465E8E1AFF2B9AF9E8D8,488105342,2024-11-29 11:37:56,2025-01-26 21:00:46
android,0576D3EFACD945F3AAE652A8D54B3574,445938623,2024-08-18 00:21:29,2025-01-27 00:55:03
android,7E76C82A8716408BBBB09B834A204E53,445938623,2024-08-18 00:18:38,2025-01-27 00:55:03
android,6E8CB5DFEDFA4B41ABA444FDFA59189B,445938623,2024-08-18 00:18:12,2025-01-27 00:55:03
android,3FB4222C2BBC404AA46F279891026111,445938623,2023-12-07 14:36:24,2025-01-27 00:55:03
android,CF0348486E864BC0AD4E2AD419F1E3D2,445938623,2023-09-09 16:56:57,2025-01-27 00:55:03
android,3A7752B5D67840D5B5C68491B64185B9,445938623,2023-08-07 18:39:41,2025-01-27 00:55:03
android,DB20A176BFBD4BB3B5108814BA28A872,478174544,2024-10-27 20:29:19,2025-01-27 02:00:48
android,233AE72AB34D4CD99225DC7F05F8BE10,478174544,2024-10-25 21:32:41,2025-01-27 02:00:48
android,DE2A9107520D422DA5CCF1456E15B72E,478174544,2024-10-06 23:34:51,2025-01-27 02:00:48
android,30B378F8518447679BCE59C83ED34C83,478174544,2024-09-20 23:09:04,2025-01-27 02:00:48
android,40F8AF45C435436AA43B83F3C25A1B57,478174544,2024-08-29 17:40:03,2025-01-27 02:00:48
android,B8A2ACCF067645BBA4BC8BB0DF2FA675,478174544,2024-08-26 23:37:27,2025-01-27 02:00:48
android,13BD9535540F4BE79812CB7769F6B238,478174544,2024-08-25 00:29:20,2025-01-27 02:00:48
android,67866A697DA94085BBD39E0AE961E3EC,478174544,2024-08-15 16:22:09,2025-01-27 02:00:48
android,05371F3257264EA3A2868677B3198100,478174544,2024-08-09 00:48:05,2025-01-27 02:00:48
android,E8BE77158C094D7CAEC612A52184BF01,482641068,2024-10-03 03:57:33,2025-01-27 12:00:44
android,5BDF2F15D3B34ED980AFF9C122C4BF2E,490257818,2024-12-24 11:30:42,2025-01-27 13:01:03
android,4C8A496CC2AB4CD287A895D9D7B93F56,490257818,2024-12-24 11:27:34,2025-01-27 13:01:03
android,69F29DA325E8430786FD5F5BD7FBA5BD,482306017,2025-01-03 04:14:41,2025-01-27 18:01:06
android,A000F133E5AC438782EE2280F31F129A,482306017,2024-11-08 22:44:50,2025-01-27 18:01:06
android,C8F512F2B31047A1B6A4B5D4DA094FF5,482306017,2024-10-01 03:58:55,2025-01-27 18:01:06
android,F97CAA3B929E482BA2B29391AC8F2B36,445091888,2023-11-16 10:30:48,2025-01-28 00:03:37
android,1DF10178BBE74BAEB79EE11B8F87A31E,445091888,2023-08-16 12:08:55,2025-01-28 00:03:37
android,05E6D3186CE24441AA55E7A36D09B9B1,445091888,2023-08-06 07:39:07,2025-01-28 00:03:37
android,C4BB3C9714BF4B26B46A3385AB5FD9AC,459232824,2024-01-08 18:33:21,2025-01-28 00:03:37
android,E3D890B72A4144CF878D7503C1B6C9F2,467090627,2024-08-13 22:03:33,2025-01-28 00:03:37
android,BF056A0611C74282B8D3E6B56B1D9C85,467090627,2024-05-17 08:57:15,2025-01-28 00:03:37
android,FEE1DCA5FCE547AF8E3C65594401E8F4,319966492,2023-02-24 18:45:19,2025-01-28 00:41:35
ios,2BCF4AE0AC5141D1A0CE55FB7D6EEB3B,258950730,2024-02-02 21:48:27,2025-01-03 04:00:56
ios,78007075731744699F5BB45397A94A62,258950730,2024-02-01 22:01:10,2025-01-03 04:00:56
ios,2C6C71D2686C4E92B388961AA18D82DF,258950730,2024-02-01 22:01:01,2025-01-03 04:00:56
ios,97596C7DA69F452FACB4F977E695D573,258950730,2023-09-27 20:05:57,2025-01-03 04:00:56
ios,BF4DE9F050EE4576BD393AAD61D89084,258950730,2023-05-29 16:09:43,2025-01-03 04:00:56
ios,C7D8C7EA24CE4C879EBDCD000999B4F5,258950730,2023-05-09 07:43:09,2025-01-03 04:00:56
ios,0B7B8EC2BA274836900D9E903EF8EAA6,258950730,2023-03-05 21:00:20,2025-01-03 04:00:56
ios,EB20E5663EBB44E59C56247FB39AE999,258950730,2023-02-26 04:34:14,2025-01-03 04:00:56
ios,4691C0FCD084408C9BC7DAFC80A7FBE8,258950730,2023-02-22 20:31:14,2025-01-03 04:00:56
ios,EB19ED5790444016B529DFA20DA2E649,258950730,2023-02-22 06:36:19,2025-01-03 04:00:56
ios,823F5CA3571B42628987DB7528AFC0E7,258950730,2023-02-18 21:56:43,2025-01-03 04:00:56
ios,AB88A08325C54E99A57F325A0C5BBF5A,258950730,2023-02-18 09:21:29,2025-01-03 04:00:56
ios,40DE1E6EE3B94B6FA9F4A1453868CC58,258950730,2023-02-12 13:20:38,2025-01-03 04:00:56
ios,447A1FD00D164C6EA87E74CDF732C650,258950730,2023-02-04 15:49:29,2025-01-03 04:00:56
ios,C1B216493FA14D8D8560C0E54C07CEE7,258950730,2023-02-04 15:49:22,2025-01-03 04:00:56
ios,0A6CC535555B4F59875C6A22CC81AC0F,258950730,2023-02-04 00:06:12,2025-01-03 04:00:56
ios,DAAAFB11E8464C578826C1757E3E0BD2,258950730,2023-02-03 19:23:00,2025-01-03 04:00:56
ios,D9E271A4FCF149EEA25649181D0A9418,258950730,2023-02-02 22:44:13,2025-01-03 04:00:56
ios,C85984AA3CD54028AA5AF2D0EF9F1FB9,258950730,2023-02-02 00:52:45,2025-01-03 04:00:56
ios,80FA66DB077048FCAF4F249543A38CEE,258950730,2023-02-01 19:52:40,2025-01-03 04:00:56
ios,DD3EDAB0A15C477DB3589D62ADA2EB13,258950730,2023-02-01 19:45:20,2025-01-03 04:00:56
ios,C4CFA38B11B9456DB77CB8C4096B5CC7,258950730,2023-02-01 19:30:54,2025-01-03 04:00:56
ios,90F8F604B88A46B49E58D01922F8EA63,258950730,2023-02-01 19:27:10,2025-01-03 04:00:56
ios,699E2E95CC104DD6809AF83181F3C37E,295074536,2025-01-03 21:42:07,2025-01-03 04:00:56
ios,9DBC551C413544E0B8757DFFFDEBFC18,295074536,2024-12-21 20:10:46,2025-01-03 04:00:56
ios,7B1178043EF448B5892382E58C1D6651,295074536,2024-12-20 06:56:21,2025-01-03 04:00:56
ios,8CB6060C45974FB891B53D062C58612C,295074536,2024-10-08 12:19:53,2025-01-03 04:00:56
ios,A3AFEAD4EF634CD092C67AAF48C55B6D,295074536,2024-10-06 06:35:35,2025-01-03 04:00:56
ios,E25AADF547FA417AA192B866FC3AD4AB,295074536,2024-10-04 11:58:26,2025-01-03 04:00:56
ios,790CFE960E5F41EE92DFBDFEBD0C279D,295074536,2024-10-02 18:59:10,2025-01-03 04:00:56
ios,A915685E9790470EB56C42FCD80E536B,295074536,2024-10-01 21:29:05,2025-01-03 04:00:56
ios,F8AACBCE4E3F441FBCFDE46A9500C2AC,295074536,2024-09-22 09:02:04,2025-01-03 04:00:56
ios,49829D209BF3416BBE624570CD93709E,207185255,2021-04-01 22:51:56,2025-01-03 11:13:50
ios,A24AE3151BE041C8B88542C13E5C5F9D,228946265,2022-02-17 07:38:17,2025-01-03 11:13:50
ios,49BD30FBB5384794A5868907ACA3ABE3,228946265,2021-10-19 05:09:20,2025-01-03 11:13:50
ios,8B5610960F014DAE80180B25FD9EA8B7,228946265,2021-09-28 01:14:41,2025-01-03 11:13:50
ios,45C3A72E5FFD462D917E0095A3786651,250601160,2023-02-17 04:21:42,2025-01-03 11:13:50
ios,FB3017DE45F74E00B1E0BB642698F782,271910295,2024-05-04 22:32:40,2025-01-03 11:13:50
ios,918EDEBACA324C4DB8C336076D309571,302367505,2025-01-03 12:20:03,2025-01-03 18:19:36
ios,4C63FBA6C4B146C0ACE3BA3CBA529175,302390336,2025-01-03 11:55:41,2025-01-03 19:01:17
ios,8FE8301A85634E97ACA0BB88B08C884F,302390336,2025-01-03 11:55:01,2025-01-03 19:01:17
ios,53F7CAFC2B6147FE84CE09AD38BE8A5D,279662509,2025-01-04 02:11:31,2025-01-04 08:10:12
ios,17D68FD6727D4EC592440E0F57D313D6,302451670,2025-01-04 07:26:52,2025-01-04 14:01:29
ios,DF225588D3544A87AF3C145FA32F43B6,302451670,2025-01-04 07:24:10,2025-01-04 14:01:29
ios,4E868B5EC2E0444BA4D5E472FBB0A8E2,267810096,2023-07-14 23:29:11,2025-01-05 07:00:40
ios,419EB4E510BA48A9A9A4D55C86A2EAB3,299980495,2024-12-17 06:55:49,2025-01-05 07:00:40
ios,80B68A62FF1B43FEAA7AC87982F1E8E5,283988830,2024-03-16 05:22:40,2025-01-06 01:01:22
ios,A993B1A6ED534ACC99C32F2845E5124E,283988830,2024-03-15 14:15:34,2025-01-06 01:01:22
ios,7D23EDFFF2E74EA4BF9954562E20344F,283988830,2024-03-15 14:11:31,2025-01-06 01:01:22
ios,841D4EE3C03A465DB655BCBACB2CAF2F,286735261,2025-01-14 14:53:51,2025-01-06 02:00:43
ios,9172DB92236743B7BB3EA151981EB3BA,286735261,2025-01-14 14:36:16,2025-01-06 02:00:43
ios,76F067BA543846B0BEC92CD346130609,286735261,2025-01-05 16:42:49,2025-01-06 02:00:43
ios,247B022C69744E8B92EE81B6781481D5,286735261,2024-12-30 17:30:44,2025-01-06 02:00:43
ios,4BC274A44E90432E985B8C46E2F01349,286735261,2024-12-28 11:42:20,2025-01-06 02:00:43
ios,07718C31EB284DFA97A5C492B4E1096A,286735261,2024-07-08 17:38:07,2025-01-06 02:00:43
ios,C3950662EA1144DAB6E3AD9EECF718DD,286735261,2024-07-02 17:02:48,2025-01-06 02:00:43
ios,B6F2B8C9AA23411A848E57315456419B,286735261,2024-05-05 00:10:02,2025-01-06 02:00:43
ios,59E7E6D6F5D348809DEAA83236FDA361,286735261,2024-05-04 23:54:22,2025-01-06 02:00:43
ios,D781614CEBF04A39B6E88B5841C2C03E,286735261,2024-05-04 16:08:21,2025-01-06 02:00:43
ios,79FA2E551A78478F9757B9E8A3F926E4,290414211,2024-07-05 04:32:06,2025-01-06 05:08:15
ios,B36C017A95294A6181F761793D798FE3,290414211,2024-07-05 04:08:38,2025-01-06 05:08:15
ios,84F03347688D48D4A4AD89A7E0CB2642,290420894,2025-01-12 11:13:57,2025-01-06 05:08:15
ios,026EB05906D8453CB369067C7ED7071B,290420894,2025-01-02 05:03:36,2025-01-06 05:08:15
ios,A8B7EDAA8FB6471EB30D400723E15F7D,290420894,2025-01-02 04:30:27,2025-01-06 05:08:15
ios,7A956C92841E4254AA5A0DE50650300B,290420894,2025-01-01 07:42:03,2025-01-06 05:08:15
ios,4AC48BB67728463C9727469F67AA9220,290420894,2025-01-01 05:24:27,2025-01-06 05:08:15
ios,A9760799909049AEACA98DE0D7A4DC70,290420894,2025-01-01 05:06:46,2025-01-06 05:08:15
ios,8A3D1AFDD4DD4E2997C84431CC7598B3,290420894,2025-01-01 05:06:35,2025-01-06 05:08:15
ios,F2442A8D13F64C7B897DA046A363AF8A,290420894,2025-01-01 05:00:44,2025-01-06 05:08:15
ios,FB79A79A402F4237AA7031F53008A2B6,290420894,2025-01-01 05:00:33,2025-01-06 05:08:15
ios,79A71C45192E4915BBD5D9567348DFF4,290420894,2025-01-01 05:00:30,2025-01-06 05:08:15
ios,2A6AF3233C0F4C549B0AFA1648D5561E,290420894,2025-01-01 05:00:25,2025-01-06 05:08:15
ios,E3B3E4BC10C1451AA1FBEBF7960F7CD5,290420894,2025-01-01 02:01:21,2025-01-06 05:08:15
ios,0616C36C9AF242758B829CCF130171C5,290420894,2025-01-01 02:00:24,2025-01-06 05:08:15
ios,598B3AC861C8459A885477ED34597704,290420894,2024-12-25 13:09:57,2025-01-06 05:08:15
ios,10A46B2B2434497D8554460057877EBD,290420894,2024-12-25 13:09:24,2025-01-06 05:08:15
ios,24562A3EC142468AA984F6A45621CF1A,290420894,2024-12-25 12:46:52,2025-01-06 05:08:15
ios,53E8DE1570D649B3B9C57E77B8DA4A91,302581371,2025-01-09 22:02:50,2025-01-06 09:16:17
ios,7821287A99D64D3F95912C2C428D8B39,302581371,2025-01-06 04:03:21,2025-01-06 09:16:17
ios,16A1F46BC2B143E2A84A9C35F47A26E0,302581371,2025-01-06 03:25:58,2025-01-06 09:16:17
ios,9A16DBA6E1F04BB8888FD5E6B0DB75D3,302581371,2025-01-06 03:08:50,2025-01-06 09:16:17
ios,E2AA4C850BDA465CBB1957DEFECC4C50,201132255,2025-01-16 10:20:02,2025-01-06 18:00:45
ios,4F693D6CC35A4DC6AE9C713C33B8AA03,201132255,2024-12-27 12:36:49,2025-01-06 18:00:45
ios,0BA03C43C2D24E8FB3756E5C175846F5,201132255,2024-12-18 11:45:10,2025-01-06 18:00:45
ios,121CCDFAE1904AD5A1EA23EA244D5778,201132255,2024-12-10 23:14:42,2025-01-06 18:00:45
ios,42C0AC7D5DF74EC09023AD344DE9AE65,201132255,2024-01-27 13:29:28,2025-01-06 18:00:45
ios,AAADE270E5DF434A923EC298F5DA8E92,201132255,2022-04-26 19:13:34,2025-01-06 18:00:45
ios,E28CF8224C10479B912970DD97B4F83A,201132255,2022-04-06 10:17:43,2025-01-06 18:00:45
ios,5915E705843D4A048666BE1945319E73,201132255,2021-11-21 22:55:38,2025-01-06 18:00:45
ios,B0A66C963D0141B1BC79B36266C480AB,201132255,2021-11-21 22:54:31,2025-01-06 18:00:45
ios,C5FDF5BA6E504C899A1F678C1A97E024,201132255,2021-05-23 00:04:21,2025-01-06 18:00:45
ios,7BE1C5AC50024832A21C01F668984082,201132255,2021-04-03 15:54:10,2025-01-06 18:00:45
ios,E1A22D746E0E4E7BA88DBAFAA49B7EC6,233568750,2024-05-15 18:34:01,2025-01-06 18:00:45
ios,F6810D309A1D473C98C890E97CE05195,233568750,2024-02-24 12:44:49,2025-01-06 18:00:45
ios,974B06D7DA8847FCB5523D6B157C18E2,238856270,2022-12-24 12:02:47,2025-01-06 21:12:49
ios,8FEFB906D24A49088DD58C98701CD98D,238856270,2022-12-16 01:18:54,2025-01-06 21:12:49
ios,E974C89202CD422683B620FE24229CDC,238856270,2022-05-17 13:27:38,2025-01-06 21:12:49
ios,26FBAFD3FEE7448095C2EDA4D07EC276,238856270,2022-05-13 09:15:15,2025-01-06 21:12:49
ios,D8C2764B73A848C69D12DB1E70443B88,238856270,2022-05-07 06:10:51,2025-01-06 21:12:49
ios,F314C7C8EC0B4643A652A0EBF3AB997D,238856270,2022-04-15 12:08:43,2025-01-06 21:12:49
ios,CBFBA57D787541BBA6CC6EF78F2A5BA1,238856270,2022-04-13 10:08:04,2025-01-06 21:12:49
ios,59B7A7B83FFA4B629F2D38F20CA286DC,238856270,2022-04-08 14:40:01,2025-01-06 21:12:49
ios,412AF6CA336E4AFB8F5D9F95E003502C,238856270,2022-04-08 13:27:03,2025-01-06 21:12:49
ios,63ED85DD1CE94F1E9ABAD970B1F4A7C2,238856270,2022-04-08 12:45:48,2025-01-06 21:12:49
ios,B0434FCCF3994433B892C94160CAC16B,238856270,2022-04-07 12:03:51,2025-01-06 21:12:49
ios,AD3F4582CF1B4C8A9D8B011B9097599B,238856270,2022-04-06 12:20:14,2025-01-06 21:12:49
ios,196B9B66274B4F28BFB399EEEBA64D3F,238856270,2022-04-06 12:19:37,2025-01-06 21:12:49
ios,6E7A059C32144DC89638ED48F900B475,238856270,2022-04-05 19:56:25,2025-01-06 21:12:49
ios,CD658C9C7FF84FD088DF87C50F609EE8,238856270,2022-04-05 19:42:21,2025-01-06 21:12:49
ios,5C2B85D29CA4409BB60EA18FF1520765,238856270,2022-04-05 13:37:25,2025-01-06 21:12:49
ios,824BD19374E6458A9B2288101E8393FF,238856270,2022-04-05 08:58:35,2025-01-06 21:12:49
ios,58B86160BADA4C0EBED8620A089ED069,238856270,2022-04-03 14:39:26,2025-01-06 21:12:49
ios,20C39563C3D84877AE60A1C98F7D44DB,238856270,2022-04-02 05:58:39,2025-01-06 21:12:49
ios,E5EA79CE61A54142BAC19AD97C2C5651,238856270,2022-04-02 05:41:31,2025-01-06 21:12:49
ios,B72461233A904208A931F01A3FF7D0F0,238856270,2022-04-02 05:01:58,2025-01-06 21:12:49
ios,7D44B2C3369C418FAB9A51EA07BD817E,238856270,2022-04-02 04:43:56,2025-01-06 21:12:49
ios,54EECA91105C4C1BA736420EB3FBFF99,238856270,2022-03-31 16:49:02,2025-01-06 21:12:49
ios,74A68F26C0C74FD1A42854F78B630510,238856270,2022-03-31 16:29:16,2025-01-06 21:12:49
ios,DA70679B97954C2B9A1ABC5AE0DE803A,238856270,2022-03-30 09:32:16,2025-01-06 21:12:49
ios,9AD013CF98DD4473B61241A6BC2873AD,238856270,2022-03-29 14:11:36,2025-01-06 21:12:49
ios,9172EC16B13841F49FB969C46D5AF64D,238856270,2022-03-29 12:54:04,2025-01-06 21:12:49
ios,ABC4E687E9C14B7A8D84D7E0A22FCD61,238856270,2022-03-25 12:16:19,2025-01-06 21:12:49
ios,221E195C569A4D9DA7A0D6CA28B69FF7,238856270,2022-03-25 00:31:25,2025-01-06 21:12:49
ios,83154D88D64045DEA4D1748740AAE864,238856270,2022-03-16 14:38:53,2025-01-06 21:12:49
ios,31C23D9CBCC84A2A947F80F9DEF5A89D,238856270,2022-03-07 06:30:49,2025-01-06 21:12:49
ios,8981C97AE6E745A5BC30C96C249C0EED,238856270,2022-03-04 05:33:53,2025-01-06 21:12:49
ios,ADD7000A5E3A48C5B70202F4DF9538B8,238856270,2022-03-02 22:12:59,2025-01-06 21:12:49
ios,659B8BD450164B88A51DEEEE67D2E056,238856270,2022-03-02 17:27:12,2025-01-06 21:12:49
ios,9D43E363A19F4EE88B7C7F59A9B085E9,238856270,2022-03-02 17:09:16,2025-01-06 21:12:49
ios,3DBCBE436D0A461681E4E9EEC1A3E0FD,238856270,2022-03-02 17:05:23,2025-01-06 21:12:49
ios,05D20751A10A4D58AEEAA98820B3D303,238856270,2022-03-02 17:03:01,2025-01-06 21:12:49
ios,468F49977187489BB050CD2F3EF16FDF,238856270,2022-03-02 13:19:57,2025-01-06 21:12:49
ios,950F5A1D7437493B8A35158D264149CC,238856270,2022-03-02 12:22:11,2025-01-06 21:12:49
ios,53AB268C64F140E2B2FC2693C955BC0A,238856270,2022-03-02 11:10:58,2025-01-06 21:12:49
ios,8C7ED5B9F18A462684FBEB1B561A7F14,238856270,2022-03-02 11:10:34,2025-01-06 21:12:49
ios,0169BC922BFF4705968634761D1D5C24,238856270,2022-02-28 20:53:09,2025-01-06 21:12:49
ios,B0FB54E97A7F4930838167F04C5B5542,238856270,2022-02-28 13:48:15,2025-01-06 21:12:49
ios,3B98C11171274DD69B6B59ED095CDDAE,238856270,2022-02-28 13:40:54,2025-01-06 21:12:49
ios,F743F2B7188243508CC58793C502488A,238856270,2022-02-26 16:42:47,2025-01-06 21:12:49
ios,2B5A3D845B4F4FE4B72DB5C88BAF29F3,238856270,2022-02-26 16:42:43,2025-01-06 21:12:49
ios,B5ED38E4373D49B3AD3BC85B389CFB56,238856270,2022-02-26 16:42:21,2025-01-06 21:12:49
ios,E83A32F163404029A1228CDE5C35624F,238856270,2022-02-25 15:27:00,2025-01-06 21:12:49
ios,FE4D01ECA30949B988BF51E560D34BF4,238856270,2022-02-25 15:20:22,2025-01-06 21:12:49
ios,47C432AB28E34464859C4A4E49AB234B,238856270,2022-02-25 15:12:53,2025-01-06 21:12:49
ios,446E400422334149BA76A5AA77EA58A8,238856270,2022-02-25 15:07:37,2025-01-06 21:12:49
ios,DEB4A7C6626B4E34BAA7B3B960233B36,238856270,2022-02-25 15:04:22,2025-01-06 21:12:49
ios,8D9E699CCFDC4D659EA57E8632CC48C3,238856270,2022-02-25 10:50:28,2025-01-06 21:12:49
ios,685CAB6A738848CD9FF41E615739A265,238856270,2022-02-25 10:49:48,2025-01-06 21:12:49
ios,7CFD7F2A3032434BA3BBD9DDB73A4476,238856270,2022-02-25 10:48:52,2025-01-06 21:12:49
ios,5BF844FA92BD486ABC16340BE9F23F06,238856270,2022-02-24 21:58:41,2025-01-06 21:12:49
ios,05556A81710440A4B122C3A74C0E9952,238856270,2022-02-24 21:58:36,2025-01-06 21:12:49
ios,5F1B5BA320174F7E81F4FA961BA3F1AF,238856270,2022-02-24 21:57:56,2025-01-06 21:12:49
ios,FC4921FA2B82479FBE391A4BCD5EA559,238856270,2022-02-24 21:57:49,2025-01-06 21:12:49
ios,449D095482954A5F99216A0D71BE9836,238856270,2022-02-24 20:39:51,2025-01-06 21:12:49
ios,E57F69EE71BA492DAB551B3F46943D29,238856270,2022-02-24 14:34:29,2025-01-06 21:12:49
ios,66A20268A28649D0B611D7E7F24D2675,238856270,2022-02-22 19:42:22,2025-01-06 21:12:49
ios,7C670975AEAB48EA9C5C841F21ABA5CE,238856270,2022-02-22 10:45:55,2025-01-06 21:12:49
ios,C84F4BD6204C4BDB99A412A12E37C696,238856270,2022-02-22 10:45:00,2025-01-06 21:12:49
ios,E89B9F80DEBB4A8A9AE8BCA1E89C8330,238856270,2022-02-21 20:56:06,2025-01-06 21:12:49
ios,FF45250630934BF9B1CA29DDF44662E1,238856270,2022-02-21 14:42:19,2025-01-06 21:12:49
ios,0D9FDCAD48E24FD6A0DD72C6A9A44FA7,238856270,2022-02-20 21:38:00,2025-01-06 21:12:49
ios,E8D108B7E17B4B649FD98AFEDC509874,238856270,2022-02-19 08:32:43,2025-01-06 21:12:49
ios,1E350572321642328E3E816F80DD18D3,238856270,2022-02-17 14:36:59,2025-01-06 21:12:49
ios,FD547F1466ED476795A0EF3053B74A74,238856270,2022-02-15 21:11:27,2025-01-06 21:12:49
ios,7B80C8A00C8F4D1681E68BFB3EB30AEF,238856270,2022-02-15 21:01:49,2025-01-06 21:12:49
ios,A54D3B7E152A4B39976E73EF06C9E124,238856270,2022-02-15 20:34:17,2025-01-06 21:12:49
ios,85612CD9B9944A9088CA0A8E4DA68565,238856270,2022-02-15 20:30:52,2025-01-06 21:12:49
ios,72A0298484684AA188686C484D343BB0,238856270,2022-02-15 20:27:40,2025-01-06 21:12:49
ios,AB563AB492EA427B8422CC50D3C46C62,257448039,2025-01-03 14:00:37,2025-01-06 21:12:49
ios,9E3BC6E4029E4CDFABD8B86286B0B5B2,257448039,2024-03-05 11:39:25,2025-01-06 21:12:49
ios,F2B09769B47E495E8381BD9020F7AE33,257448039,2024-02-12 14:23:57,2025-01-06 21:12:49
ios,0477B34B76A64C128FDC6C3FAA9B61CB,257448039,2024-02-09 15:01:34,2025-01-06 21:12:49
ios,53B9C1AE9D404199A910E3A1E08B3792,257448039,2024-01-31 00:45:05,2025-01-06 21:12:49
ios,54D60138F19C45CA9B8E77C9C5807781,257448039,2024-01-31 00:43:23,2025-01-06 21:12:49
ios,A8D5A3FBBEDD4A99B4DA83A68C6F78BC,257448039,2024-01-20 11:08:34,2025-01-06 21:12:49
ios,034903B6885F4BAFA2B0893B3BF7351A,257448039,2024-01-01 02:14:58,2025-01-06 21:12:49
ios,D6F326769CE541B29F936A246CCFD073,257448039,2023-12-30 05:08:13,2025-01-06 21:12:49
ios,7DEA82FA26934A89A598577052FD9FEF,257448039,2023-12-18 20:36:10,2025-01-06 21:12:49
ios,B0B8C90DAB4447FE988E2606258A89B0,257448039,2023-12-16 22:33:58,2025-01-06 21:12:49
ios,73D856251A4846A281A02CEF3B10263E,257448039,2023-12-16 22:33:52,2025-01-06 21:12:49
ios,2387555169E74884AF4C6E2B79A630CA,257448039,2023-12-14 21:40:37,2025-01-06 21:12:49
ios,090B1F62326C49EF825023F713867BBA,257448039,2023-12-13 14:23:13,2025-01-06 21:12:49
ios,69D8547DBD6A425E94F6F81AFFEAE620,257448039,2023-12-13 08:58:38,2025-01-06 21:12:49
ios,65BEEEF672174E4290B23349C303BCB7,257448039,2023-12-13 08:42:25,2025-01-06 21:12:49
ios,72508218848B4A01A10D8F93970B0ACE,257448039,2023-12-04 15:50:37,2025-01-06 21:12:49
ios,7798A02397DB4C8B8CB66DF663577E0A,257448039,2023-08-15 07:02:32,2025-01-06 21:12:49
ios,CCB7ECD05C5248F2B63A4B7987E56CAE,257448039,2023-05-31 04:17:57,2025-01-06 21:12:49
ios,D1045CAC19904825B9684881A7593695,257448039,2023-05-24 00:38:17,2025-01-06 21:12:49
ios,89607B3E4E14423EBC7DF9C4941293A8,257448039,2023-05-16 03:12:09,2025-01-06 21:12:49
ios,45F0FE4B41574CF3879A7F573B8C9A6E,257448039,2023-04-19 01:33:03,2025-01-06 21:12:49
ios,65F4A11C466C436BB88CF9F96105DEFC,257448039,2023-03-13 03:37:20,2025-01-06 21:12:49
ios,46F885B1A2C6405FB4BAE9E3EA6BE3E2,257448039,2023-02-14 13:29:31,2025-01-06 21:12:49
ios,C4DF580934CB49F4B9454564FC7EB410,257448039,2023-02-14 03:41:02,2025-01-06 21:12:49
ios,9DA14977F46E4B46BF45D24FAD26A3F4,257448039,2023-01-18 20:45:47,2025-01-06 21:12:49
ios,99039A2DAE264299947BE847E5A5AAFD,257448039,2023-01-18 06:54:34,2025-01-06 21:12:49
ios,58213A7ACA884727816168C567CCF07F,257448039,2023-01-16 19:17:50,2025-01-06 21:12:49
ios,EF3480D9EC4D4D23B00F17CBEC6316B9,257448039,2023-01-15 20:02:55,2025-01-06 21:12:49
ios,A5CAD9DE8158448B91F9D8673D38A13A,257448039,2023-01-14 21:12:37,2025-01-06 21:12:49
ios,6352FB82A1404C90A7C91DC3EE8EAF54,257448039,2023-01-14 19:20:32,2025-01-06 21:12:49
ios,90C31E9E16974C2FB4CAED474B8EABB9,257448039,2023-01-14 10:58:51,2025-01-06 21:12:49
ios,7C625E011A744F6D8225908455609674,257448039,2023-01-13 14:12:58,2025-01-06 21:12:49
ios,BC27517A7D664367BC1AA1AC1025BD65,257448039,2023-01-12 03:44:13,2025-01-06 21:12:49
ios,8C42183725DD4502B1F647F8FBD4C1DB,285377716,2024-11-07 03:11:04,2025-01-07 00:01:28
ios,4909ACC77B374C70AABEBA7D4AF2B401,285377716,2024-07-19 06:45:21,2025-01-07 00:01:28
ios,D5F56576A553470589A0FBC542C16533,285377716,2024-05-02 15:06:04,2025-01-07 00:01:28
ios,7F401515B6E84CA690F4D03345EC2CAE,285377716,2024-05-02 15:05:33,2025-01-07 00:01:28
ios,65D8F1BC1E0143C8B5934CEF46B313A2,285377716,2024-04-30 06:46:05,2025-01-07 00:01:28
ios,278A349086FA49D180322130A8980E20,285377716,2024-04-22 04:25:36,2025-01-07 00:01:28
ios,83DDADE3D47041398510F414FEB234C9,285377716,2024-04-19 11:00:01,2025-01-07 00:01:28
ios,0CEC7750D1814C40AC773900A92A1A17,285377716,2024-04-19 10:57:50,2025-01-07 00:01:28
ios,DADBEA124B6345F790368A51DFBBD177,285377716,2024-04-17 08:03:37,2025-01-07 00:01:28
ios,87B70C2ECDC349F4A0931CBABAACD145,285377716,2024-04-16 09:19:17,2025-01-07 00:01:28
ios,F5D74A5DD87741CB8B73F1B8FE0F1332,285377716,2024-04-15 09:20:27,2025-01-07 00:01:28
ios,DFF4780078754B5FA7FFED1643601EE9,285377716,2024-04-07 14:08:50,2025-01-07 00:01:28
ios,D4BF159976384913851E00A8D55F1280,285377716,2024-04-07 14:01:30,2025-01-07 00:01:28
ios,97D2D52D899A469B8AFA6A0D5C8246EE,285377716,2024-04-07 14:00:41,2025-01-07 00:01:28
ios,6D41452159C0441E96F32A5295C9E492,282664701,2024-02-22 19:34:46,2025-01-07 03:01:33
ios,DD34F773A06F4824B3DDDF1089C7D374,282664701,2024-02-22 19:28:14,2025-01-07 03:01:33
ios,91B7BD97479E41C599F861814121E82C,289659507,2024-12-15 04:28:03,2025-01-07 03:01:33
ios,A82D2CBDF13B46BC83EDBB9E8A85FF73,289659507,2024-07-07 13:17:46,2025-01-07 03:01:33
ios,5B274AAA251B4EB1867003DFA7393954,195350138,2025-01-09 08:00:08,2025-01-07 16:53:11
ios,043CA0B7608E41F6A04CB0B7EC049F85,195350138,2023-12-29 05:51:17,2025-01-07 16:53:11
ios,C77A18A691704C0D88D498A0CF403C20,220117733,2021-05-12 06:44:32,2025-01-07 16:53:11
ios,7B6997C501D4460DB1FA754CC47C2566,270469813,2024-03-25 08:36:04,2025-01-07 16:53:11
ios,C3513F3008FC4A45A1332A45AFC54305,270469813,2023-12-27 09:28:29,2025-01-07 16:53:11
ios,F76C65CDAA7D47C9B514152705D9CA8C,270469813,2023-12-22 21:58:35,2025-01-07 16:53:11
ios,A30B389EC0484B53A97AFD21570C3528,295828619,2025-01-09 08:06:50,2025-01-07 16:53:11
ios,C1FC02B8A75D40CCBDCDB0F8431B51C2,295828619,2025-01-09 08:03:54,2025-01-07 16:53:11
ios,F11D12D5512F447B85249687D42D4726,295141021,2025-01-08 06:34:52,2025-01-08 12:32:33
ios,D4BB70DB50834B8E9586A8050A7D2FDC,295141021,2025-01-08 06:34:49,2025-01-08 12:32:33
ios,A09A528A634146B2830260BFEEE71A92,295141021,2025-01-08 06:26:24,2025-01-08 12:32:33
ios,0B6FA3D6FF554AA78E70182F0D72F791,295141021,2024-12-22 04:14:07,2025-01-08 12:32:33
ios,C262B107292A4EE8BE02E96FC0158C60,295141021,2024-12-22 04:13:33,2025-01-08 12:32:33
ios,754076C2F1A04517B64C25A9336A82B5,295141021,2024-12-05 18:49:47,2025-01-08 12:32:33
ios,B1EC73665B054FB0A49692A8A825B153,295141021,2024-10-03 05:36:03,2025-01-08 12:32:33
ios,654900E4FF2B43DC9B13C848820693C4,295141021,2024-09-23 03:31:31,2025-01-08 12:32:33
ios,0D9B23BDCA4649F180F1E7C3EDA08E15,295141021,2024-09-23 03:31:28,2025-01-08 12:32:33
ios,7B7DD0A4BFDA4989B3679E4B8E94D6DD,295141021,2024-09-23 03:26:39,2025-01-08 12:32:33
ios,601B5E6B17194E279823E1AE3B708DC1,302899523,2025-01-10 19:57:31,2025-01-11 03:01:14
ios,078335EECF39462DB21F4ABD9D9D4A5C,294142638,2025-01-14 18:49:20,2025-01-12 23:01:22
ios,A5340A309A624FAD873C7D83C6181A91,294142638,2024-09-07 10:39:57,2025-01-12 23:01:22
ios,41B9187528394F3E8B8AB8E25B658752,222568694,2025-01-12 19:17:18,2025-01-13 00:55:33
ios,62346F6D3D304A39A773F40965D3F038,222568694,2024-12-27 05:02:30,2025-01-13 00:55:33
ios,C4B852F14C194F44B0BE9968EDB27F13,222568694,2024-12-27 05:00:46,2025-01-13 00:55:33
ios,69653EE3CE6E47979AA614F60F8FEDAD,222568694,2024-12-27 04:59:33,2025-01-13 00:55:33
ios,9D00A087841F4BEF8917400021742599,222568694,2024-12-27 04:56:47,2025-01-13 00:55:33
ios,227700777DC645B8A088732797BB4D3A,222568694,2024-12-27 02:23:48,2025-01-13 00:55:33
ios,6071BA4DFA2341F8A95796DBF5368791,222568694,2024-12-24 23:14:29,2025-01-13 00:55:33
ios,111C2C61F89C46D2B9CBD35658C655C6,222568694,2024-12-24 23:14:19,2025-01-13 00:55:33
ios,81ABA46DE3F849DA8BCD5DCDFA0AE696,222568694,2024-11-19 15:08:54,2025-01-13 00:55:33
ios,F3E02B330BDC451196D0FEAAE6A2E6B5,222568694,2024-06-04 19:08:48,2025-01-13 00:55:33
ios,13E506482DAE4934A4A51F8966CAD51F,222568694,2023-07-03 10:00:18,2025-01-13 00:55:33
ios,F9E59F3F745D4338B43760FAEB945293,222568694,2022-07-02 16:52:49,2025-01-13 00:55:33
ios,E926E7BD156447C889671B4A2F6B1817,245618858,2023-10-13 11:46:18,2025-01-13 19:01:08
ios,7D85633EDC364683A48E048260D8CCF2,245618858,2023-08-27 15:32:41,2025-01-13 19:01:08
ios,200225F88E144615BF6C0DE578B8A924,245618858,2023-07-25 02:09:12,2025-01-13 19:01:08
ios,AABC6FC0BB96484C8A4EE8D072D77836,245618858,2023-07-25 02:06:24,2025-01-13 19:01:08
ios,C87541DA084C4B1E87983FFC75AC1AAF,245618858,2023-07-25 02:06:18,2025-01-13 19:01:08
ios,45C9E083D4C2455CB53C689FFF8761A4,245618858,2023-07-25 00:22:07,2025-01-13 19:01:08
ios,3EADB10C1EAC461FAD5C7F8542C70FAF,245618858,2023-05-21 15:05:57,2025-01-13 19:01:08
ios,0A876668F8D2482A90165ACA86C1622D,245618858,2023-03-21 12:20:18,2025-01-13 19:01:08
ios,193C2C8B83D34A5EA7F5B6B47DD783E3,245618858,2023-03-11 15:02:32,2025-01-13 19:01:08
ios,E0511EBBBB974A869F05FB3526D61249,245618858,2023-03-03 18:47:36,2025-01-13 19:01:08
ios,4BFF5CA83A2F4BA69FC3D05CF06121C8,245618858,2023-01-29 11:29:14,2025-01-13 19:01:08
ios,EB8DF8A840784BE789529B1E40D02303,245618858,2022-06-19 17:51:28,2025-01-13 19:01:08
ios,E6AFEA54660548E3BC4ED8BCCF153D38,245618858,2022-06-19 17:48:13,2025-01-13 19:01:08
ios,5F95263B0660424FA24AD0DBFD50E629,276672280,2024-04-30 12:42:52,2025-01-13 19:01:08
ios,60380BB340B34B438DD74A5837AAAA9E,276672280,2024-01-30 06:51:58,2025-01-13 19:01:08
ios,C616CC063ED54D70978E080477887EA4,276672280,2024-01-05 15:36:32,2025-01-13 19:01:08
ios,63DF75A9EF1944629050216C3B3C0E13,276672280,2023-12-02 17:23:41,2025-01-13 19:01:08
ios,26D1A83345314D54BBAF129449E1EC5C,260961278,2025-01-13 14:12:39,2025-01-13 20:50:30
ios,E1EE838D502F492E858C8172DE9F75D6,260961278,2024-11-08 17:46:16,2025-01-13 20:50:30
ios,1BD715B92C3B42BE8A0F272BE7D17978,260961278,2024-05-23 21:56:36,2025-01-13 20:50:30
ios,4A4AC11382FA406F8B5C1D68426D8F3A,260961278,2023-07-20 18:40:15,2025-01-13 20:50:30
ios,8BDC0A299B7A4923A7592BFC29A4B04F,260961278,2023-07-20 18:32:46,2025-01-13 20:50:30
ios,F8F2949B31324859B648D8E2BB8EC9B8,260961278,2023-03-07 01:16:25,2025-01-13 20:50:30
ios,428DD97E22964501AA3CB9081BE56DD3,260961278,2023-03-07 01:16:20,2025-01-13 20:50:30
ios,A566F9477048480C95792239239EE25D,302470160,2025-01-13 16:27:28,2025-01-13 22:37:30
ios,25D2E87936F7422F997F1C0979FD953D,237824557,2025-01-13 20:52:36,2025-01-14 02:59:47
ios,9933943F24B44B5EBC896573F5C3E920,237824557,2024-09-17 02:08:08,2025-01-14 02:59:47
ios,FFEAF2C79660426B915AC7B49211CBB0,237824557,2024-05-08 05:05:45,2025-01-14 02:59:47
ios,8E13275077364046B573901F5CE5DDEA,237824557,2024-01-25 01:40:01,2025-01-14 02:59:47
ios,5D2360DC3A124CF7AD28E21A45E88795,237824557,2024-01-25 01:37:27,2025-01-14 02:59:47
ios,DCA579A31C8E4A689EC1869676D8E8EE,237824557,2024-01-20 06:43:12,2025-01-14 02:59:47
ios,7AE3DBA7821D49E486AA420C59F55AA3,237824557,2023-09-06 21:27:04,2025-01-14 02:59:47
ios,041324844DAE4F029F3813F4059DAE82,237824557,2023-02-18 18:10:00,2025-01-14 02:59:47
ios,87322110612D453CB517B98651F09C57,237824557,2022-12-14 02:27:38,2025-01-14 02:59:47
ios,2A48E11B253747C1B43E59FC3B2DBC70,237824557,2022-08-17 19:44:00,2025-01-14 02:59:47
ios,F793E82CBB674CBEBB8D54B2F19D655A,237824557,2022-07-11 01:12:37,2025-01-14 02:59:47
ios,D639F4B782E74005AFFAB4F143A993AF,237824557,2022-05-11 03:58:43,2025-01-14 02:59:47
ios,EADE386308D54423B1883B9D49A03912,237824557,2022-05-06 09:56:50,2025-01-14 02:59:47
ios,3471DC05B02547D68BE2F326F2ACAD53,237824557,2022-05-06 09:56:08,2025-01-14 02:59:47
ios,434E1F95A6C94802BA6000672DD1BE45,237824557,2022-05-06 09:54:59,2025-01-14 02:59:47
ios,B3AD87FBC56C4D3C80530C60A9B2A8FA,237824557,2022-05-06 09:53:59,2025-01-14 02:59:47
ios,416EBABC59E84B7385A9903DF3EE7F76,237824557,2022-05-04 10:37:50,2025-01-14 02:59:47
ios,996160E9DED04065B36A12E399B7BFB1,237824557,2022-04-30 19:53:03,2025-01-14 02:59:47
ios,618A7292C1E3471389D30A2FC108BF62,237824557,2022-04-30 19:50:31,2025-01-14 02:59:47
ios,468532A841864D7AA3470FF6FB9CEC7D,237824557,2022-04-07 07:59:54,2025-01-14 02:59:47
ios,C06A85129DE647AA8226497E3BC9D950,137171866,2021-09-17 07:05:57,2025-01-14 03:20:51
ios,83F0B38195044AEF94683B67D217B4FF,137171866,2021-09-15 08:17:33,2025-01-14 03:20:51
ios,533D1A5477544D83A662303F526A23C1,209814743,2021-09-15 06:38:43,2025-01-14 03:20:51
ios,222898D543B74A4DBAF710FCB9FA9890,242370191,2022-05-16 04:50:13,2025-01-14 03:20:51
ios,4B82C1820708480F99E47317C15CA60E,242370191,2022-05-15 06:25:29,2025-01-14 03:20:51
ios,F576186D17774E2688FC9C179D3D22DC,242370191,2022-05-15 06:23:16,2025-01-14 03:20:51
ios,4373340F87714552988E441A879D49C0,242370191,2022-04-26 20:57:15,2025-01-14 03:20:51
ios,845835EAC5A54C949B48EC91F07FD8F4,303103669,2025-01-15 11:12:06,2025-01-14 07:01:24
ios,90A268AE83BB4C09977E7C2C1C417BF2,303103669,2025-01-15 11:12:03,2025-01-14 07:01:24
ios,34942244FBCC4C70BE4DA2C8F428D2A9,303103669,2025-01-14 00:06:55,2025-01-14 07:01:24
ios,AF783F3C16CD4754A2F06E92D18CDDDB,209529291,2023-05-20 21:17:28,2025-01-14 22:00:41
ios,BF66EACFD658496380AB04BA3BE48BCB,209529291,2023-03-08 13:25:59,2025-01-14 22:00:41
ios,1029B3A175444A188337174726E8BBEC,209529291,2022-12-19 23:57:08,2025-01-14 22:00:41
ios,22B0780D52E141DBAA98D48472E3F111,209529291,2022-06-20 19:50:16,2025-01-14 22:00:41
ios,6E03102FD9E44D859CB0744941442E82,209529291,2021-10-07 03:11:04,2025-01-14 22:00:41
ios,60838304FE2943379510CE6AB192A614,209529291,2021-05-06 17:56:52,2025-01-14 22:00:41
ios,F79C98ABCB8E41B59EFA6588071449B9,273013722,2024-06-18 07:22:27,2025-01-14 22:00:41
ios,00A0D30CDC624C97A95DE74BD2C1FAEE,273013722,2024-06-16 13:45:42,2025-01-14 22:00:41
ios,F53137259C834DC2866CE494F6286892,273013722,2024-06-11 13:16:49,2025-01-14 22:00:41
ios,DFD2555D8235435DB3B04B49719FEC43,273013722,2024-03-15 20:19:38,2025-01-14 22:00:41
ios,79C190EA3A2F45DA834CFFAD0B51851F,273013722,2024-01-13 18:34:32,2025-01-14 22:00:41
ios,2B58E3313476429E9D2AD178C68ECA17,213817949,2023-08-02 21:25:41,2025-01-16 00:16:16
ios,472F9DECE93A4D02A93303554985DF2B,213817949,2023-08-02 21:22:13,2025-01-16 00:16:16
ios,8C9643C3B5324028B97F69FBF1D43A70,213817949,2022-09-20 14:28:01,2025-01-16 00:16:16
ios,8EB438E5EED4463DB471EBD4256B5A65,293650026,2024-10-27 22:06:29,2025-01-16 02:32:48
ios,1D421C2BFF7744EA98E0D31199D0DE6A,293650026,2024-10-27 20:05:25,2025-01-16 02:32:48
ios,E1BBADCCE6544601B50969681F37100A,293650026,2024-10-27 19:32:25,2025-01-16 02:32:48
ios,DABFD7C5509A4D1793F5D42A2B3BADF9,293650026,2024-10-27 19:24:19,2025-01-16 02:32:48
ios,EBD0438AAF6C459DADA1522AE47F7512,293650026,2024-10-27 19:15:13,2025-01-16 02:32:48
ios,FEEAB050927D4BC9AF09601607B019D4,293650026,2024-10-27 16:49:48,2025-01-16 02:32:48
ios,B4E9C6EE9A5A4DA4BD8FDD0956C45CE3,293650026,2024-10-27 16:46:42,2025-01-16 02:32:48
ios,51EE8822F64C40EA9E2E02591EB603EE,293650026,2024-10-27 16:39:02,2025-01-16 02:32:48
ios,AC4D955D47E74A439C9A86399940DDC7,293650026,2024-10-27 16:15:00,2025-01-16 02:32:48
ios,E33D802B2A4642879D7F3F9C1A5867B0,293650026,2024-10-27 05:25:42,2025-01-16 02:32:48
ios,EA4F1BC07907451A83B77612AED97D41,293650026,2024-10-26 21:27:35,2025-01-16 02:32:48
ios,787A557C85E949DAB46EE2F90CCAA7C4,293650026,2024-10-26 21:19:57,2025-01-16 02:32:48
ios,FE39BE4BAE6B4A35ABA4D4C3033BE75F,293650026,2024-10-26 20:41:10,2025-01-16 02:32:48
ios,2D66CA26CF2346B49C92B6C7A39216AF,293650026,2024-10-24 19:40:45,2025-01-16 02:32:48
ios,F16457EECFDB4EE684E4571F60E628B5,293650026,2024-10-22 15:04:29,2025-01-16 02:32:48
ios,D013B81135264B16B0AB4833E80D6087,293650026,2024-10-22 14:59:35,2025-01-16 02:32:48
ios,A4C2BEA824374F339CC1EB6EED7E172E,293650026,2024-10-22 14:55:23,2025-01-16 02:32:48
ios,36C96822F62B4630B845121614F55718,293650026,2024-10-22 14:55:03,2025-01-16 02:32:48
ios,F0F1CA91785041B49E6A2E6E0942B74A,293650026,2024-10-22 12:37:31,2025-01-16 02:32:48
ios,16F54D9EE1E3450F8E2B52D439A0AB1B,293650026,2024-10-22 12:35:41,2025-01-16 02:32:48
ios,805BC6B284C6443693FF533205BC888F,293650026,2024-10-20 04:37:40,2025-01-16 02:32:48
ios,0943BBC9BE9A42929C20FD730D7BD44A,293650026,2024-10-20 01:45:19,2025-01-16 02:32:48
ios,E35AAFCC6F1641179F2FF6F0F65357F4,293650026,2024-10-17 20:34:16,2025-01-16 02:32:48
ios,84613FBAF20445788EBF89F488E46547,293650026,2024-09-23 17:03:26,2025-01-16 02:32:48
ios,CB83BD39296C470A9F9ED1248353FC4E,293650026,2024-09-23 17:03:16,2025-01-16 02:32:48
ios,4F8842518BEB46A2ADA924C9375B8459,293650026,2024-09-23 16:13:07,2025-01-16 02:32:48
ios,4C1752C24AEC4D4B8C0B1879970C04C0,293650026,2024-09-23 16:13:00,2025-01-16 02:32:48
ios,D4AB039E38614C72ADC24220DFF22588,293650026,2024-09-23 16:12:44,2025-01-16 02:32:48
ios,DDC449A99C4C468CA828DFB85A48EE0D,293650026,2024-09-23 16:08:37,2025-01-16 02:32:48
ios,AA3F3946433142B1BAED151AD1E004ED,293650026,2024-09-23 16:06:17,2025-01-16 02:32:48
ios,814AEC3FA28B49A08DA375CAD0A560AD,293650026,2024-09-23 16:05:09,2025-01-16 02:32:48
ios,F0EAAA9679504361A3B5E97045F55E00,293650026,2024-09-23 16:04:46,2025-01-16 02:32:48
ios,139994096F1748D1AE8E6B1793B5BCEE,293650026,2024-09-20 22:41:38,2025-01-16 02:32:48
ios,F96FCFB95CAC4377AA7FE4231D109945,293650026,2024-09-20 22:39:31,2025-01-16 02:32:48
ios,BA1FD754D161495EA1E22FFA749E05F2,293650026,2024-09-20 22:36:27,2025-01-16 02:32:48
ios,D4BD5EFE40A64C7B859A1EBA5E824484,293650026,2024-09-20 22:31:17,2025-01-16 02:32:48
ios,560B5688EB0E4C8B83DF0479CA26A16D,293650026,2024-09-20 11:57:50,2025-01-16 02:32:48
ios,0F679CBDDDF44503B2A492F8DF8C6A31,293650026,2024-09-20 11:57:37,2025-01-16 02:32:48
ios,0407F30B595141A383568FE0CF32CB0B,293650026,2024-09-18 22:49:33,2025-01-16 02:32:48
ios,617A38FF76C544AC8EAC898A7200BB67,293650026,2024-09-18 22:47:44,2025-01-16 02:32:48
ios,F0848DF3ACB4437EAC2030BA2860DA78,293650026,2024-09-18 06:36:36,2025-01-16 02:32:48
ios,9166AF4E52F745CD882F95D8BA095D53,293650026,2024-09-18 06:33:51,2025-01-16 02:32:48
ios,D9336262A2364A7286C1B4995587AD38,293650026,2024-09-18 05:35:00,2025-01-16 02:32:48
ios,5FA0A98EAC544583BAD033CE7AA41F63,293650026,2024-09-18 05:33:20,2025-01-16 02:32:48
ios,83D6727E4F854FCE9E64FDA843C200B7,293650026,2024-09-18 05:33:14,2025-01-16 02:32:48
ios,F206C3DEF4B44CA193EE1D4C704A36E5,293650026,2024-09-18 05:32:45,2025-01-16 02:32:48
ios,7467B6E459704B71903A4846652861C0,293650026,2024-09-18 03:02:01,2025-01-16 02:32:48
ios,9766174A48FC4AA8B03756BF60906600,293650026,2024-09-17 17:15:58,2025-01-16 02:32:48
ios,F23F417951384AC39A2768E0E88066AC,293650026,2024-09-13 18:03:57,2025-01-16 02:32:48
ios,6505C8EAEFD2439284014FD4696236DF,293650026,2024-09-13 18:00:16,2025-01-16 02:32:48
ios,83F78140069147DDAAC9819ED33E050C,293650026,2024-09-13 17:59:23,2025-01-16 02:32:48
ios,3AC24F2A258847F98FC1013C993D2C1E,293650026,2024-09-13 11:13:08,2025-01-16 02:32:48
ios,769F78E698AB4655A3432E7F4EF333BE,293650026,2024-09-13 10:55:06,2025-01-16 02:32:48
ios,FCE5C1217631449194668C7B60768008,293650026,2024-09-13 10:47:12,2025-01-16 02:32:48
ios,C5EAF8F2A5A54597B30EB7E293C6179B,293650026,2024-09-13 10:46:36,2025-01-16 02:32:48
ios,A9CFEBCC32CE4660BD0D39D1A28D6083,293650026,2024-09-09 19:15:59,2025-01-16 02:32:48
ios,4A43B10932294A4D981F0CC6D7331B31,293650026,2024-09-09 19:14:13,2025-01-16 02:32:48
ios,4EFCFAA04CD04190BA8F31B9137D356A,293650026,2024-09-09 19:13:43,2025-01-16 02:32:48
ios,A5D61DF93FE24C1CA1A99A4DF6D47E1A,293650026,2024-09-09 15:51:18,2025-01-16 02:32:48
ios,0A5A4AB617204593981E1DA3A72EDA25,293650026,2024-09-09 15:51:02,2025-01-16 02:32:48
ios,F83E475F1E10494C9CA018099F345D2D,293650026,2024-09-09 15:45:45,2025-01-16 02:32:48
ios,774C8D8EE0A94FE78245246C4E4969A3,293650026,2024-09-09 15:27:09,2025-01-16 02:32:48
ios,852C9E2129FA4D2F942276AEE13D0153,293650026,2024-09-09 14:29:07,2025-01-16 02:32:48
ios,65662F59642A4A57945D14EFCC68B6F1,293650026,2024-09-01 11:32:11,2025-01-16 02:32:48
ios,209D0BE05C8E420D91152D91E4C3B555,293650026,2024-08-29 18:01:38,2025-01-16 02:32:48
ios,4DAD5263DA8F46C1B338709DB18110EF,287152695,2025-01-08 17:53:13,2025-01-16 06:01:35
ios,694DD7D8A91C4EAEBECBDBD484CE4EDB,287152695,2025-01-08 16:16:38,2025-01-16 06:01:35
ios,4EF0930D8FA44DDA833D85C5921AF040,287152695,2025-01-08 16:15:17,2025-01-16 06:01:35
ios,9F2EF3E6611E4622AA6FD88D1347F295,287152695,2025-01-08 16:11:31,2025-01-16 06:01:35
ios,31CEAD86F26A4EE8B746DED95BB604CC,287152695,2025-01-08 16:10:11,2025-01-16 06:01:35
ios,3B16594263D7402984F8157F4725AAF2,287152695,2025-01-08 16:08:52,2025-01-16 06:01:35
ios,39DE6B1C082548C499317BC569665F29,287152695,2025-01-03 23:28:07,2025-01-16 06:01:35
ios,46C11A33AA234D23BBF652BD7942F707,287152695,2025-01-03 23:25:16,2025-01-16 06:01:35
ios,E11F1A4FC4DB4B5B8B1ECD0296974591,287152695,2025-01-03 23:19:49,2025-01-16 06:01:35
ios,0940FBBF85B745FB8C2EE4D9D03615D2,287152695,2025-01-03 23:15:33,2025-01-16 06:01:35
ios,EEDF72C2B1654F4EBBC605755AF856FC,287152695,2025-01-03 23:12:44,2025-01-16 06:01:35
ios,005D384A8F9D4A5497E86DA1A29D7256,287152695,2024-11-30 23:00:53,2025-01-16 06:01:35
ios,D7F6EDD43131491CAA03917AEEE91106,287152695,2024-09-23 02:43:33,2025-01-16 06:01:35
ios,D24DABECC2D84598AAE84F1C23EB0E41,287152695,2024-09-01 02:56:39,2025-01-16 06:01:35
ios,8621F61894074C7394CE7BED0C85A7DA,287152695,2024-05-19 17:49:03,2025-01-16 06:01:35
ios,FED2FF98CEED4DF1875BF706BB1F62C8,287152695,2024-05-19 17:49:01,2025-01-16 06:01:35
ios,2FC20905576245D68585A9291F1A8FBE,301647408,2025-01-16 10:41:00,2025-01-16 12:28:48
ios,B6F3C9765C2049E6955C1258141A27D8,301647408,2025-01-16 06:11:54,2025-01-16 12:28:48
ios,AE5E20D991584975B7C9F3DD9DDA934A,263832366,2025-01-13 16:44:47,2025-01-16 18:00:48
ios,1F8D7F2525F644DFA06B069E05D379EB,263832366,2025-01-01 13:50:14,2025-01-16 18:00:48
ios,0B710B1BC2D6422EAD3AA4529B2261D1,263832366,2024-01-21 14:59:55,2025-01-16 18:00:48
ios,07A442141EA84B3FB6BFA8510B22D61D,263832366,2024-01-03 23:46:07,2025-01-16 18:00:48
ios,6921F2A068C34A328F70D86086DE5322,263832366,2023-12-31 21:35:27,2025-01-16 18:00:48
ios,29BE7FE542364BEC8A3CB6D444712836,263832366,2023-12-31 16:54:18,2025-01-16 18:00:48
ios,1363D2ABAB3D461A9BF39BB611447590,263832366,2023-12-31 16:52:00,2025-01-16 18:00:48
ios,5CBEE797F46E40269DA3A0110B85A00E,263832366,2023-12-31 16:50:27,2025-01-16 18:00:48
ios,8BE8400550BB4B47ABF34D0258A53F2C,263832366,2023-12-30 18:58:06,2025-01-16 18:00:48
ios,AE9DEDDF52E8428CB476525A223ADD2D,263832366,2023-12-29 14:56:58,2025-01-16 18:00:48
ios,181CB9FF1EA04016BF64DA6A76ECEC07,263832366,2023-12-12 18:42:32,2025-01-16 18:00:48
ios,E68B89B4A7314699B2C89E530C0F2B37,263832366,2023-12-12 18:42:29,2025-01-16 18:00:48
ios,E0650D7400FA45BFA841ED1006C148C3,263832366,2023-12-12 18:42:15,2025-01-16 18:00:48
ios,EA2B12260DB643048CAA6FEBFD5E29F6,263832366,2023-12-12 18:42:12,2025-01-16 18:00:48
ios,DE4ECA3817644BF680A10767C79F62CD,263832366,2023-12-12 18:31:48,2025-01-16 18:00:48
ios,271CC2F654C24E1784F7650BFF21B23D,263832366,2023-12-12 18:30:05,2025-01-16 18:00:48
ios,0E95BD3089384EC98E968855D7C10AA1,263832366,2023-12-12 18:30:02,2025-01-16 18:00:48
ios,4956F5FE91034A0EBE0D1B26833CAA10,263832366,2023-12-12 18:19:20,2025-01-16 18:00:48
ios,ABFD5D265E1548A3BBA23C0357BFDEC5,263832366,2023-12-12 18:14:25,2025-01-16 18:00:48
ios,E91F202BDBF64C64891078F3A2CA5AF9,263832366,2023-12-08 11:11:19,2025-01-16 18:00:48
ios,081D12B965A745FFA51498E6A1A256C6,263832366,2023-12-08 09:54:05,2025-01-16 18:00:48
ios,C74F01C1079C478F9E940F98DAA47EB3,263832366,2023-12-07 14:42:17,2025-01-16 18:00:48
ios,75F9CA5714A1462CB30C28781F8EE363,263832366,2023-11-25 08:41:34,2025-01-16 18:00:48
ios,4239277563CD415DA1326987773E2C43,263832366,2023-11-14 15:27:15,2025-01-16 18:00:48
ios,8631806530424DD4A41E5D7723228158,263832366,2023-11-03 11:34:04,2025-01-16 18:00:48
ios,A7FF069A77B14B539B69BB67D596607A,263832366,2023-10-28 17:19:35,2025-01-16 18:00:48
ios,D4DAA46B6CD2489087CFA880970E8E68,263832366,2023-10-07 15:31:06,2025-01-16 18:00:48
ios,3D0015232BD7485D94B2D453C23B65A3,263832366,2023-09-29 10:42:16,2025-01-16 18:00:48
ios,1A292FAEBC344B7ABB914FB6E92A9AFB,263832366,2023-09-29 07:44:26,2025-01-16 18:00:48
ios,FBBC3F83A5BC4DCD94C67BA9291DA4C6,263832366,2023-09-28 07:13:28,2025-01-16 18:00:48
ios,5B830A19C7A140308B4DCB2ABE3D930B,263832366,2023-08-19 14:55:02,2025-01-16 18:00:48
ios,25556395500941E6B9B968988CDD9E44,263832366,2023-08-10 07:51:03,2025-01-16 18:00:48
ios,27A808025B72457BA270FB84053E6FCA,263832366,2023-08-10 07:32:54,2025-01-16 18:00:48
ios,FA7D67BF2A59460EBC39090C01A22CFC,263832366,2023-08-07 07:17:34,2025-01-16 18:00:48
ios,A18FAA1CD4834875B3C4A1010124B8C9,263832366,2023-08-07 06:52:02,2025-01-16 18:00:48
ios,4D9796AD530F43BBB18D4EE8A54D47E5,263832366,2023-08-06 05:25:35,2025-01-16 18:00:48
ios,9E4B88D1040B40BBBA18EDAD1DEEAE40,263832366,2023-07-10 07:27:02,2025-01-16 18:00:48
ios,18E119C5660942C89D13A8FA9BA5B3CD,263832366,2023-07-07 12:02:23,2025-01-16 18:00:48
ios,457636A6867D40CB9CA4CCAF61795A81,263832366,2023-07-07 12:01:52,2025-01-16 18:00:48
ios,EB695DC3138046CB8FE67D0388B90CD6,263832366,2023-06-06 07:08:06,2025-01-16 18:00:48
ios,8309A9FE0DE74C31BBDD2227FE0107EC,263832366,2023-06-05 11:10:50,2025-01-16 18:00:48
ios,7C4E92BD81574136BF131C9F3605E1D9,263832366,2023-06-04 07:25:21,2025-01-16 18:00:48
ios,E9D9039B39F44B37ADD285677A902997,263832366,2023-06-03 11:07:33,2025-01-16 18:00:48
ios,7E35CC16648446239BFC6400EAEF3047,263832366,2023-06-03 06:18:27,2025-01-16 18:00:48
ios,E20EE66DFCE94F4ABE66B0FC1C91F7F2,263832366,2023-05-20 07:11:03,2025-01-16 18:00:48
ios,EE32B723B8D042FAB507D7D8E4E51EEA,263832366,2023-05-07 17:24:43,2025-01-16 18:00:48
ios,16AE82490BB7466EA0B8BBA6E97717C2,263832366,2023-05-05 05:07:42,2025-01-16 18:00:48
ios,E2AEECEF955B4391B61EA9F4F576B3D7,263832366,2023-05-02 06:50:03,2025-01-16 18:00:48
ios,CEE343CEEFE949AC8B827F4DC0D7AAF2,263832366,2023-05-01 07:17:46,2025-01-16 18:00:48
ios,70EF783C9A944EE9B2177AB6D0EA76D2,263832366,2023-05-01 04:41:41,2025-01-16 18:00:48
ios,CEF4498C3E9846ECA9A3554442AE2FE1,263832366,2023-04-29 17:38:58,2025-01-16 18:00:48
ios,054A4B6948484F4B805BBA9AD23487F0,276538499,2024-07-22 16:32:06,2025-01-18 02:19:56
ios,429F9120561244999A0384AF61EDB23D,303259265,2025-01-16 10:56:14,2025-01-18 07:00:42
ios,16EFD5CA504A4D4C9D87C8F976D21E70,200485762,2024-03-09 10:53:50,2025-01-18 10:38:19
ios,E6BCB7E1C56F41F99902A4077B764302,200485762,2024-02-29 18:34:28,2025-01-18 10:38:19
ios,63EBF1CCF1A84C0493000A7330F0B272,200485762,2024-02-27 15:39:47,2025-01-18 10:38:19
ios,712A8E4D85FC40DFB6CD91F127EF0532,200485762,2024-02-23 16:38:20,2025-01-18 10:38:19
ios,5BA7725489154E20B0C56575451602D6,200485762,2023-01-17 19:21:28,2025-01-18 10:38:19
ios,67E204A1028745F49FD8D2A60B4ED773,200485762,2021-04-07 19:09:28,2025-01-18 10:38:19
ios,201ADB4A4741401A9712373601C740FB,285720824,2024-12-21 07:30:14,2025-01-18 10:38:19
ios,E80D7E9456654C78823B725555063CD9,285720824,2024-11-10 14:21:14,2025-01-18 10:38:19
ios,78F6AD11E827444CAA7DFCC6312123A2,285720824,2024-10-29 21:39:02,2025-01-18 10:38:19
ios,75CC1E2202704EC08C49E023A63D26D1,285720824,2024-09-29 19:35:58,2025-01-18 10:38:19
ios,EE884BD68B144CE7910C7567820D534D,285720824,2024-09-14 19:53:14,2025-01-18 10:38:19
ios,9A1728D60EE943F0B3CF997C27C322E7,285720824,2024-08-30 15:37:43,2025-01-18 10:38:19
ios,5A9AE7C27A004C08919CD329CFECB35B,285720824,2024-08-02 16:58:47,2025-01-18 10:38:19
ios,301DC10FBD57400CAAD6B6BAD81BC91F,285720824,2024-07-30 03:22:49,2025-01-18 10:38:19
ios,E39C37A01E904E81BD2421D8F5A19DCD,285720824,2024-07-28 16:58:48,2025-01-18 10:38:19
ios,88893ED61C334ED5B2A655CC2C267F67,285720824,2024-07-01 22:48:12,2025-01-18 10:38:19
ios,427D3E3B703440EFA9CCACE049D75323,285720824,2024-06-25 01:43:20,2025-01-18 10:38:19
ios,490462971E124981AC8E4A728EB83C32,285720824,2024-04-23 15:20:15,2025-01-18 10:38:19
ios,7DF6E6F99D4D4356BB56869977C3F9EA,285720824,2024-04-15 06:51:10,2025-01-18 10:38:19
ios,DDB476010E034598802F15FBFA9757B1,300816575,2025-01-09 23:17:35,2025-01-18 10:40:40
ios,E0D009964E9648D097EDAE47C5B91240,300816575,2025-01-04 16:39:21,2025-01-18 10:40:40
ios,4CF65C4077B24309B58E0F07597B5575,300816575,2025-01-04 15:41:08,2025-01-18 10:40:40
ios,5E466FED972C4DD381D4208591718E3F,300816575,2025-01-04 15:40:59,2025-01-18 10:40:40
ios,A9F879CEF12D468F97B37EB92A7FFD5F,180152331,2023-03-11 01:42:30,2025-01-18 15:06:41
ios,12C76DA32C2D4DED9FEDAA5C2691615F,180152331,2023-03-11 01:37:11,2025-01-18 15:06:41
ios,B3DB9E9C76764A59B91A58CE5C8A455F,180152331,2021-04-12 05:55:45,2025-01-18 15:06:41
ios,23C8E46DB66F4DA4B56125FBCA7CFF11,280534597,2024-11-10 07:05:42,2025-01-18 15:06:41
ios,2E88AF111B1B4A78A8F306B138BB2832,280534597,2024-11-10 06:59:17,2025-01-18 15:06:41
ios,98C28E61AD874FA2B7F284F795EDB081,280534597,2024-08-27 23:38:22,2025-01-18 15:06:41
ios,3900EBFBC53A4A02AD4FFF9B4CB871A8,280534597,2024-08-27 23:38:17,2025-01-18 15:06:41
ios,856C0D7C9BAC4523B0036A8E34DFD9CC,280534597,2024-08-27 23:37:38,2025-01-18 15:06:41
ios,B3EE7835A3304637A7F64E48E4C6CE65,280534597,2024-08-27 23:37:19,2025-01-18 15:06:41
ios,01E277844FCF4BEDA39000D37824BB8C,280534597,2024-07-22 23:20:42,2025-01-18 15:06:41
ios,ED402BF48E3448AB87FDC19DE6E37592,280534597,2024-07-03 08:46:12,2025-01-18 15:06:41
ios,03950080A35B496482B55751CE011904,280534597,2024-07-03 08:39:47,2025-01-18 15:06:41
ios,2187E73ED4C749029FD578403D6C334E,280534597,2024-07-03 08:39:36,2025-01-18 15:06:41
ios,59C8EC6EBD974F399BAF8CF6E9124449,280534597,2024-07-03 08:39:03,2025-01-18 15:06:41
ios,D8A0E76C304242E79862DA7BC4833A42,280534597,2024-06-29 11:56:15,2025-01-18 15:06:41
ios,70091C307ED14A3EAD2AA3571FCFB934,280534597,2024-06-29 11:50:16,2025-01-18 15:06:41
ios,F2E7FDEAD2924B998A6F43E9D1066361,280534597,2024-06-21 13:39:31,2025-01-18 15:06:41
ios,8456D57A5A354D22A57FA575C246A08E,280534597,2024-04-08 04:02:49,2025-01-18 15:06:41
ios,57370ECE79E64B678A717913C0BBC4D3,270028721,2023-09-21 18:51:47,2025-01-18 19:42:17
ios,76C786341B5E4765A16D6A9F02DB4F10,270028721,2023-08-21 19:25:48,2025-01-18 19:42:17
ios,E8D612A94FB8464BB67C9B25D0935606,303410136,2025-01-18 20:18:10,2025-01-19 02:34:44
ios,34BDA860E67C40439DB20CE985C76C53,268101424,2023-09-03 05:11:55,2025-01-19 05:00:43
ios,7FBA41B1AB964DA78799E26B544E7760,205360585,2022-06-02 05:21:39,2025-01-19 09:36:18
ios,6F9434CF5D9A4120AF37C908257502B8,205360585,2022-04-27 04:52:20,2025-01-19 09:36:18
ios,A44DB3EF9A06420D91FFFE3599AEDBB0,205360585,2022-02-24 07:57:42,2025-01-19 09:36:18
ios,F273BD6CCB7B4B4DB9506CA36862FD6E,205360585,2021-10-17 04:29:29,2025-01-19 09:36:18
ios,9AA82A00AF4F4708A78157CB09011C91,205360585,2021-10-11 04:41:27,2025-01-19 09:36:18
ios,EC296B7041E9498EA158829F2C963FA3,205360585,2021-09-29 04:31:33,2025-01-19 09:36:18
ios,0AF801DD7E8F4C08BE358BE184DE8BF6,205360585,2021-09-28 05:43:14,2025-01-19 09:36:18
ios,14657F1E7EC44850A1F07AB07D2F4788,205360585,2021-09-25 03:26:33,2025-01-19 09:36:18
ios,8533D01D7FC7405286AA1B9AC9A88F18,205360585,2021-09-13 04:07:07,2025-01-19 09:36:18
ios,8F3C65760CBB411B8065C708705FE50C,205360585,2021-05-01 03:41:27,2025-01-19 09:36:18
ios,ABDB4C5B7B734BC9A950FC08C3BD14D0,205360585,2021-05-01 03:41:09,2025-01-19 09:36:18
ios,3C296537391C4866A1008D3CC53C149C,251464330,2024-03-07 17:08:48,2025-01-19 09:36:18
ios,00F262A3DBD44900A9069331B7BD7C96,251464330,2023-11-04 01:46:00,2025-01-19 09:36:18
ios,DAB6D175103F4309BBC8A08E232EB551,251464330,2023-10-11 05:12:43,2025-01-19 09:36:18
ios,37886F68FD9A4E8494C5B9914303FB6F,251464330,2023-09-01 01:31:02,2025-01-19 09:36:18
ios,964FB808687D49EA9627EF9ED575BD35,251464330,2023-03-14 05:38:31,2025-01-19 09:36:18
ios,8C60363CCEE04F34A6712F8DF5395802,266388361,2024-05-04 09:51:28,2025-01-19 15:40:59
ios,20C5EBB22A3543F6BC3E59C958D572A3,303443497,2025-01-19 14:04:43,2025-01-19 18:15:02
ios,429EEEBED2C34A07927B1CE87F15F696,303443497,2025-01-19 14:02:16,2025-01-19 18:15:02
ios,09DA57AEDD804CB2ACFB8EC79DC864EA,303443497,2025-01-19 14:00:40,2025-01-19 18:15:02
ios,1C0519EFFC184D648D0DE2E483645F61,303443497,2025-01-19 14:00:29,2025-01-19 18:15:02
ios,34E7260DF29F49FFA45E6B3CADFF061A,303443497,2025-01-19 12:21:16,2025-01-19 18:15:02
ios,71649845FDAB44BFBCE7931988AC1996,303443497,2025-01-19 12:03:46,2025-01-19 18:15:02
ios,555D1F710B884621A4C7B7E6C69FDAD3,255977120,2023-05-06 15:33:55,2025-01-20 03:00:42
ios,127D5FDF315440579E59F3592DC30E0D,255977120,2023-05-06 15:33:45,2025-01-20 03:00:42
ios,292A6C917B5D4C558140E436D29CFD99,255977120,2023-05-06 15:33:30,2025-01-20 03:00:42
ios,FB05818063F7401FA7354F167AE19C1E,255977120,2023-04-11 14:57:56,2025-01-20 03:00:42
ios,9C8F0CE5775244A9BFFED8F553BBA515,255977120,2023-04-09 16:17:30,2025-01-20 03:00:42
ios,9FB8A3AFBC3D43BBA24FBFA854594699,255977120,2023-04-09 16:17:05,2025-01-20 03:00:42
ios,5831788CBEF54695B1F79E154A866BAC,255977120,2023-04-09 16:16:05,2025-01-20 03:00:42
ios,228531FA7038490980F5B33D3CAF5840,255977120,2023-03-18 12:17:43,2025-01-20 03:00:42
ios,7A94BA3AF05745E4BCFAD19C7469A202,255977120,2023-02-19 14:18:26,2025-01-20 03:00:42
ios,2FAAB10E14F141168DEE2367581CBD81,255977120,2023-02-02 06:35:10,2025-01-20 03:00:42
ios,CB188FEF6FAF44E38DE5BE6E536E75C2,260482040,2023-02-26 20:18:29,2025-01-20 11:05:03
ios,1CCC7C1D473343F0B008B5210D072A92,302675479,2025-01-21 15:44:44,2025-01-20 11:05:03
ios,128AE6819630439BBBE9EE36531C2F79,266679244,2023-06-23 19:21:19,2025-01-20 19:09:46
ios,2BB3E4E3EC63495EAEDB1B9254E1EBF4,297235681,2025-01-14 10:57:59,2025-01-20 19:09:46
ios,C48124E2CD674062AB71D464D695F79A,297235681,2025-01-14 10:56:55,2025-01-20 19:09:46
ios,02064870358A4BEF8C0146F03551A4D3,297235681,2024-10-30 02:52:52,2025-01-20 19:09:46
ios,AC8AA8ED618340CE8C9F5D411820E940,297235681,2024-10-21 04:42:28,2025-01-20 19:09:46
ios,47AD7362985F4CC0B4BE9D9E06DBFDBC,303503017,2025-01-20 13:06:09,2025-01-20 19:09:46
ios,336C4DA72E40488FA7F37B5973382A8F,206139181,2024-11-03 08:58:03,2025-01-21 03:01:07
ios,1FE75110C1DE44359A24FA42B7E6A324,206139181,2024-11-03 08:54:50,2025-01-21 03:01:07
ios,EF0B4096DEFB4432B6E3CBC94B18B999,206139181,2024-08-16 16:25:31,2025-01-21 03:01:07
ios,3F83A18164FC494AA28CC4F769C71B9E,206139181,2024-08-16 16:23:53,2025-01-21 03:01:07
ios,ECD8FAEDF922454A8A6E372BDAF1E56D,206139181,2023-05-16 19:37:38,2025-01-21 03:01:07
ios,41139FD106D440A79DC0DEBD55994A2D,206139181,2021-11-01 18:39:43,2025-01-21 03:01:07
ios,F60FB0D15E964A0AA75079764AFAA6B3,206139181,2021-04-05 00:45:39,2025-01-21 03:01:07
ios,1A2AE610C40B40679922E838FD1B30A4,206139181,2021-03-18 07:56:34,2025-01-21 03:01:07
ios,045A195AF7CD471DA04A74E0FB1710BA,206139181,2021-03-18 07:47:15,2025-01-21 03:01:07
ios,6130A79603134EAEB728E6012B26F48E,300390817,2025-01-27 21:32:50,2025-01-21 12:00:45
ios,2DDF22F936F9476395E830AEE62D9C7D,300390817,2025-01-27 14:07:27,2025-01-21 12:00:45
ios,3C9018AFE8A848E9A2085DE743EFFF03,300390817,2025-01-27 14:00:33,2025-01-21 12:00:45
ios,AE48CEF0B52B44019472231CF24BD559,300390817,2025-01-27 08:48:33,2025-01-21 12:00:45
ios,DE2AFA50EEA347E3BEB0F22DE7157BCE,300390817,2025-01-27 00:31:13,2025-01-21 12:00:45
ios,365ABD3A9F88488D93177587245C7E00,300390817,2025-01-27 00:29:49,2025-01-21 12:00:45
ios,BDE24E1FCBB44AF799BC31A62E6972DB,300390817,2025-01-26 23:21:15,2025-01-21 12:00:45
ios,B478C0E063EE44119A4D65D563365544,300390817,2025-01-26 23:20:59,2025-01-21 12:00:45
ios,E44716AFA42B42FFA3A4C9BFD4F4FF5D,300390817,2025-01-22 05:33:01,2025-01-21 12:00:45
ios,B0FF80AC6AB746E7BB75172C5AE8B69B,300390817,2025-01-21 21:01:54,2025-01-21 12:00:45
ios,B27BA6F9D5424B0B8BC5714483C0A276,300390817,2025-01-21 21:01:26,2025-01-21 12:00:45
ios,E29C443120344D75B1E7640668513EFA,300390817,2025-01-21 20:59:22,2025-01-21 12:00:45
ios,7A7B80D5190D4E2494CA96BE41F544E6,300390817,2025-01-21 08:03:17,2025-01-21 12:00:45
ios,F99317C866274349ABBA938274CC4142,300390817,2025-01-21 08:03:13,2025-01-21 12:00:45
ios,9E0A1DFEBFAC499C857C2DD9203BA0C9,300390817,2025-01-21 06:00:11,2025-01-21 12:00:45
ios,0696E86E04C84C5C81712323C3C4325B,300390817,2025-01-21 05:59:35,2025-01-21 12:00:45
ios,0B3873334F4B4646AF530417CAB86B99,300390817,2025-01-21 05:55:44,2025-01-21 12:00:45
ios,71EF6C64095D48A2B4B0991945D25FFC,300390817,2025-01-21 05:52:57,2025-01-21 12:00:45
ios,E9AD894ECCFB4B2DB4782F355A61C1DF,300390817,2025-01-21 05:38:38,2025-01-21 12:00:45
ios,A94CE3F0C64C49BCBB42630F47E6BC5F,300390817,2025-01-21 05:21:44,2025-01-21 12:00:45
ios,EB3B3F47E1D64CF5BC00E9D23EAFE756,300390817,2025-01-21 05:09:38,2025-01-21 12:00:45
ios,CFD388227543485D96119F0F0ACCB128,300390817,2025-01-21 05:08:32,2025-01-21 12:00:45
ios,092A035FC73142DEA6759336A7AAF5A8,300390817,2025-01-21 05:03:50,2025-01-21 12:00:45
ios,40BDEE55C0164530A06FF46E0A85F63D,300390817,2025-01-21 02:28:32,2025-01-21 12:00:45
ios,9CA9AC601179450F97BFE7E495468949,300390817,2025-01-19 00:04:48,2025-01-21 12:00:45
ios,3F6E0DE5EE0B4009929FE5C9932E66E2,300390817,2025-01-16 02:52:24,2025-01-21 12:00:45
ios,FD6251862CC04EDBB219AA200DAFF8C3,300390817,2025-01-16 02:52:07,2025-01-21 12:00:45
ios,2EDA5DEEC8C74AA582FE466785FFAA80,300390817,2025-01-12 22:11:18,2025-01-21 12:00:45
ios,FC88786123A04DF1A29A3DD691B9F436,300390817,2025-01-12 21:25:14,2025-01-21 12:00:45
ios,4540FFC66A01488D943D48CDFE21E3BC,300390817,2025-01-12 20:24:01,2025-01-21 12:00:45
ios,EC777E8FFD6D464C9075884471A8F35A,300390817,2025-01-12 18:55:11,2025-01-21 12:00:45
ios,DAB0A86AD0AA48CEA29909AA87528F01,300390817,2025-01-12 18:55:04,2025-01-21 12:00:45
ios,89E6725531744CD98C913FFE98DD17E9,300390817,2025-01-10 03:42:27,2025-01-21 12:00:45
ios,57895899238A4517AC61BF1E54652AD2,300390817,2025-01-10 01:42:25,2025-01-21 12:00:45
ios,62C910C9D1B34D18819997A766E33262,300390817,2025-01-07 23:15:01,2025-01-21 12:00:45
ios,5E3F5E8731FC4CD983BC68C9F8A2B92E,300390817,2025-01-03 00:38:36,2025-01-21 12:00:45
ios,9423374C68FB46D0B868756C6F82BDB0,300390817,2025-01-03 00:38:03,2025-01-21 12:00:45
ios,85B23B9012CF4EEEA0F47D245F19925D,300390817,2025-01-01 19:57:17,2025-01-21 12:00:45
ios,1286FD1287034BCB9CB492D6FC2E930A,300390817,2025-01-01 19:56:09,2025-01-21 12:00:45
ios,30F2F57405174D8FB32483DC1551161C,300390817,2025-01-01 18:38:11,2025-01-21 12:00:45
ios,3312178D4DAF4E4C8857402CD2EED56C,300390817,2025-01-01 18:37:47,2025-01-21 12:00:45
ios,3EB8E4A83F7D4AAF93DF8D6189FC6DEE,300390817,2024-12-31 06:16:10,2025-01-21 12:00:45
ios,A6D27EF637E04F098BD8B606B1C9BB93,300390817,2024-12-31 06:07:14,2025-01-21 12:00:45
ios,F3593A81B6DD4433B6569AB809F2D30A,300390817,2024-12-31 06:06:50,2025-01-21 12:00:45
ios,F9DFEF92F18E414AAE0BBD9AA95E1B0F,300390817,2024-12-31 01:37:00,2025-01-21 12:00:45
ios,1CF399299EB74B59AA4F92E7BA542D4E,300390817,2024-12-28 22:01:26,2025-01-21 12:00:45
ios,8CCB6C3A92334DFBA81ECB60D0A1915F,300390817,2024-12-27 05:51:11,2025-01-21 12:00:45
ios,1999B89229F94806A498BB9061E241E6,300390817,2024-12-26 22:03:52,2025-01-21 12:00:45
ios,D4F355038004434F924B8137B48638B1,300390817,2024-12-26 21:58:36,2025-01-21 12:00:45
ios,C7E8BCEEEE60420EA1AA243939D51C82,300390817,2024-12-26 12:30:16,2025-01-21 12:00:45
ios,9688768E94AB45EB8699000C7911EC94,300390817,2024-12-26 12:29:49,2025-01-21 12:00:45
ios,4143BD49C2594370BB1909C75FF533A3,300390817,2024-12-23 06:13:33,2025-01-21 12:00:45
ios,F114DE0170704ADEA5667E906F7D2C02,300390817,2024-12-23 01:48:15,2025-01-21 12:00:45
ios,E3DC3C99338045EF8E5D59876159506C,300390817,2024-12-21 05:09:39,2025-01-21 12:00:45
ios,A1A0A58A3FD244B489A6BC841C7D3CC7,300390817,2024-12-21 05:09:12,2025-01-21 12:00:45
ios,9CEE66182D0645D3A15F47283A765EE7,300390817,2024-12-21 05:07:18,2025-01-21 12:00:45
ios,7F61321309484B9098C2E3CF8FAAD028,300390817,2024-12-21 03:14:20,2025-01-21 12:00:45
ios,03015F2BD1C846F880B3C1717F3BB9C4,300390817,2024-12-21 03:12:54,2025-01-21 12:00:45
ios,BEEE333B983045D5AF325F569DF4D58B,300390817,2024-12-21 03:12:14,2025-01-21 12:00:45
ios,F324D1B9CC314EF2AC2CD6ADD704CD80,300390817,2024-12-21 03:12:03,2025-01-21 12:00:45
ios,663F3D024DD54E6998F292C78CE88021,300390817,2024-12-19 19:05:27,2025-01-21 12:00:45
ios,87D5CD89EC594B1C853E62A68D3FDF0D,300390817,2024-12-19 19:04:59,2025-01-21 12:00:45
ios,67386F4DFB9248649DCEC0E2405A7276,300390817,2024-12-12 01:14:08,2025-01-21 12:00:45
ios,E4964BED02A84CA28B008DC903B7EB0E,300390817,2024-12-12 01:13:58,2025-01-21 12:00:45
ios,21544E0DAE8A4C2BA5AA006E3280D68E,300390817,2024-12-12 00:55:11,2025-01-21 12:00:45
ios,8218E6373FBC4070AA88166EDFF6E335,300390817,2024-12-12 00:55:01,2025-01-21 12:00:45
ios,4FF371929FAD439ABCF6E3BF1DC2155E,300390817,2024-12-11 00:24:28,2025-01-21 12:00:45
ios,33DA586DF47D4BBDBDE624895D64E01F,300390817,2024-12-10 21:56:20,2025-01-21 12:00:45
ios,4176776C45E54E1782F1E98DF1D0698B,300390817,2024-12-10 21:56:12,2025-01-21 12:00:45
ios,881A106DB98F4728A62EB1B88E2960D5,300390817,2024-12-10 21:55:33,2025-01-21 12:00:45
ios,885B067EAF124EC3A10AB6A443C945BD,300390817,2024-12-10 20:13:05,2025-01-21 12:00:45
ios,A0D128066A2D4DB78566D200B7992274,300390817,2024-12-10 20:12:24,2025-01-21 12:00:45
ios,0F1123A2E1E646788887D34C18EFCE0F,300390817,2024-12-08 22:27:39,2025-01-21 12:00:45
ios,1D43E139B3C541BEB4FF3B7C4E012F91,300390817,2024-12-06 16:37:41,2025-01-21 12:00:45
ios,5C4C551A8A574ECB873E62BDEC46D7D1,300390817,2024-12-06 16:37:04,2025-01-21 12:00:45
ios,13FE1E4A7BA64A0BA6419E551FC00252,302932506,2025-01-21 08:58:21,2025-01-21 15:00:38
ios,CD289C08ED0D45AB94CC1119F4DD76A9,302932506,2025-01-11 09:44:40,2025-01-21 15:00:38
ios,33679E0A3A1C44D184B48AA686027D3D,255975746,2022-12-22 02:25:55,2025-01-21 19:01:05
ios,35AA58CFA77C423497FF5191FCD7B1D8,259149451,2025-01-21 13:14:22,2025-01-21 20:01:14
ios,B2AD4EB7E9D04F599FD52BFB98EA9500,259149451,2025-01-21 10:47:21,2025-01-21 20:01:14
ios,9FAFFFC7547B4B809760879128E2B611,259149451,2025-01-21 10:47:17,2025-01-21 20:01:14
ios,824F0CD29ADF41388BFF6777266E5325,222755279,2024-06-09 18:18:22,2025-01-21 22:01:04
ios,18C81601E43E41C99C5FAC44640B8161,222755279,2023-05-15 22:13:00,2025-01-21 22:01:04
ios,004D94C17C364279AC3CBC45CF6BD3FD,222755279,2023-05-15 22:12:21,2025-01-21 22:01:04
ios,C736608C3151412AB3DCDAF6AE6D2382,222755279,2021-06-18 22:47:05,2025-01-21 22:01:04
ios,F395AEE7EA7743BEAF6D8F4AD9E486AA,303598241,2025-01-21 23:19:56,2025-01-22 09:01:06
ios,5E95B572B6944D05A030FA135D349D3A,193543653,2021-04-23 23:21:42,2025-01-22 11:05:07
ios,EE6DC7DE21C3492BB10C1A0DDDA48AD9,281268905,2025-01-08 08:25:51,2025-01-23 01:01:17
ios,BCEB23CFCF86456697AC7FFAB16AF191,281268905,2024-11-29 22:23:04,2025-01-23 01:01:17
ios,B144AA081E814A7E98A55C8CBD42B52F,281268905,2024-06-22 22:37:34,2025-01-23 01:01:17
ios,B436D745E1874754BA03393633D42DCF,281268905,2024-06-11 08:50:59,2025-01-23 01:01:17
ios,EB354715D594498EAA3F2F28A78657D3,281268905,2024-04-17 08:57:10,2025-01-23 01:01:17
ios,30ECE9E61FFF4CABAAB883274E5E2BC7,281268905,2024-03-28 06:26:00,2025-01-23 01:01:17
ios,55AF47AC5D344D82ACA0F3C9862DD9AD,303673867,2025-01-23 00:59:11,2025-01-23 06:26:17
ios,B72215A6608C4BA5AD4ECE305B668359,301060571,2025-01-23 03:49:40,2025-01-23 07:35:13
ios,CF8A692C4AE648868201E51FBF6822A0,301060571,2025-01-23 01:35:51,2025-01-23 07:35:13
ios,DA5562EF236B4006A5E3C2EA67691345,301060571,2025-01-23 01:35:47,2025-01-23 07:35:13
ios,34B664E872964142BB800BA5D40DA44A,301060571,2025-01-22 19:06:20,2025-01-23 07:35:13
ios,4CA2FF4116B746E6B2B1E7D95B42B1E1,301060571,2025-01-22 19:06:14,2025-01-23 07:35:13
ios,E2AC332A342D4C1AA010F5982E9EE7FE,301060571,2025-01-22 16:36:58,2025-01-23 07:35:13
ios,C6E5BC7B411C48449F65217553A26071,301060571,2025-01-22 16:28:03,2025-01-23 07:35:13
ios,DBE093C0603249A187871C1FD4566A01,301060571,2025-01-22 14:29:58,2025-01-23 07:35:13
ios,5EC054C3DCAF4DEA91ED697D45D17578,301060571,2024-12-27 21:22:10,2025-01-23 07:35:13
ios,CBD55E57888246C8A6CCD37520D28739,301060571,2024-12-14 21:14:49,2025-01-23 07:35:13
ios,917297CE73184F71874C4F3E3565B2EB,205475720,2021-09-21 16:55:59,2025-01-23 11:01:12
ios,B4894F7EFCAE45DE83270FBAABBBEF8A,205475720,2021-09-21 12:27:46,2025-01-23 11:01:12
ios,FA569C72CBA64D3AB56527E9A5AD7FD8,205475720,2021-03-23 03:37:25,2025-01-23 11:01:12
ios,0B220B2AE0F24C67903FC3779D4CDFA6,298148662,2024-11-04 17:06:44,2025-01-23 13:00:46
ios,CF88F7A3DBBF400D8840A96E16EFBA78,298148662,2024-11-02 19:33:32,2025-01-23 13:00:46
ios,37D3B12AE5DF4A7B819A7F296EE69B1E,298402195,2024-11-07 14:40:46,2025-01-23 13:00:46
ios,73FD4C9FD9FB4DF4911AC818934053BF,300544495,2024-12-07 10:53:22,2025-01-23 13:00:46
ios,8E8772DC407845C4A0EF2A02D76BE6B6,291636765,2024-09-09 09:56:03,2025-01-23 19:01:02
ios,D3BF2E3C979542B180444213DD8F03E3,291636765,2024-09-01 08:36:10,2025-01-23 19:01:02
ios,16347DE213B4438381EE701F47B11B81,291636765,2024-08-31 18:32:44,2025-01-23 19:01:02
ios,1E760ACBC49A453494D1EBDB6D097673,291636765,2024-08-12 07:24:12,2025-01-23 19:01:02
ios,AEFBDE5596044F2AA76D1342D8118F13,291636765,2024-07-26 09:46:08,2025-01-23 19:01:02
ios,D225FC81000D42F2AA9CD97D6CBD7F22,291636765,2024-07-26 07:34:54,2025-01-23 19:01:02
ios,1CCBA39097B94B12BFCFD733385D9B1E,225511192,2022-08-19 12:25:57,2025-01-23 22:11:26
ios,A56C0873FB2348EE85B3DAD154AC6D71,225511192,2022-08-17 11:57:04,2025-01-23 22:11:26
ios,963C6441460B4392806CEC0026447D49,225511192,2022-08-17 11:56:48,2025-01-23 22:11:26
ios,5BB5019457004CBE9CB4E637432B7BF7,225511192,2022-08-17 11:55:52,2025-01-23 22:11:26
ios,FDD40DB2627F4C608572AE01A27402C0,225511192,2022-08-16 06:00:23,2025-01-23 22:11:26
ios,A5945AFC9C1143D89FD9840D44502DA0,225511192,2022-08-15 19:01:19,2025-01-23 22:11:26
ios,48940576BCCD498199AA27937186F328,225511192,2022-08-15 19:00:08,2025-01-23 22:11:26
ios,BA2CBBC11F654CCCB8C4DA70F2A03E4F,225511192,2022-07-17 13:12:13,2025-01-23 22:11:26
ios,8BD8B1E29DCB4618948B7FF8772792E7,225511192,2022-07-17 12:26:06,2025-01-23 22:11:26
ios,63C83A6A27A74152B0FB42CD4A7225F9,225511192,2021-09-26 13:45:02,2025-01-23 22:11:26
ios,F7AE0B606150439D8B0BB8C654102F81,225511192,2021-09-23 19:51:01,2025-01-23 22:11:26
ios,51026B1C775B4A909E5E765126CDA163,225511192,2021-08-06 19:30:43,2025-01-23 22:11:26
ios,3E4C6CA1CCAA4B678648C3CFDA740C6A,225511192,2021-08-05 12:56:59,2025-01-23 22:11:26
ios,0250B920F5724F7B82A83FEE86A91422,225511192,2021-08-04 11:47:43,2025-01-23 22:11:26
ios,45DAF1675FF84FB78A40A1F7997CFE4E,225511192,2021-08-04 06:48:00,2025-01-23 22:11:26
ios,B6B7CD0A8D7A46BB816348FE788970BB,225511192,2021-08-03 20:21:37,2025-01-23 22:11:26
ios,4742E955E20942D08C78B97E3799A411,225511192,2021-08-03 16:36:39,2025-01-23 22:11:26
ios,5E719BA8D31E424C9226707180877416,225511192,2021-08-03 16:35:53,2025-01-23 22:11:26
ios,A4FA6540FA82490EADF0D33AFE2FD70D,248760361,2022-12-08 21:34:13,2025-01-23 22:11:26
ios,4C41FCF39FD642E8B38EB2811EE56366,248760361,2022-11-30 21:17:43,2025-01-23 22:11:26
ios,872B451C316947EA9B779F6340B2F815,248760361,2022-10-11 20:13:31,2025-01-23 22:11:26
ios,A2A006A9479646BD829916A16F816540,248760361,2022-09-26 11:01:02,2025-01-23 22:11:26
ios,865353947C2B40E189BD3E612520BFFE,248760361,2022-09-16 14:27:42,2025-01-23 22:11:26
ios,D28B60461EBB4A38858D2C6E495D027F,248760361,2022-09-11 20:07:34,2025-01-23 22:11:26
ios,832D718259D34E9D9AD79E6C5B6C8A62,248760361,2022-09-03 20:10:52,2025-01-23 22:11:26
ios,D69E98B9922B4A9B93C7A50D2894187F,248760361,2022-08-18 18:56:10,2025-01-23 22:11:26
ios,432B60F0041C4B7CAB20AE7C19AC6ABE,248760361,2022-08-17 20:41:59,2025-01-23 22:11:26
ios,EE72AFA29C174307B8F6459AFFF49935,256987766,2023-11-13 06:51:03,2025-01-23 22:11:26
ios,039D6EC7424E4ABB91D7CE5B5537E955,256987766,2023-08-16 16:59:21,2025-01-23 22:11:26
ios,3BCB324501484902BF43055189245C34,256987766,2023-07-27 16:30:59,2025-01-23 22:11:26
ios,F7C547A49DA743C7807A269733239FC7,256987766,2023-07-27 16:30:49,2025-01-23 22:11:26
ios,967E0530274841F894E300CE52665A37,302666882,2025-01-07 11:45:10,2025-01-24 23:01:08
ios,2F7F54D924A34B4AB1CB6532E6050107,241238031,2024-11-18 08:13:00,2025-01-24 23:59:57
ios,51DA2CDA7B6044F2B465B92EBED888E4,241238031,2024-11-18 08:12:30,2025-01-24 23:59:57
ios,096CB90F0B8942CEA44E5BD246541D2C,241238031,2024-11-02 22:30:36,2025-01-24 23:59:57
ios,4109BCC274394E34911D0B3BE9A98E38,241238031,2024-10-08 01:21:04,2025-01-24 23:59:57
ios,184CAFE3DC844079A696F21138B4BEA1,241238031,2024-09-27 04:25:38,2025-01-24 23:59:57
ios,A71F915EBEC9405493025BA412F741FF,241238031,2024-09-10 10:22:33,2025-01-24 23:59:57
ios,469193A4555B4F45A1B93FD9AF09FA10,241238031,2024-08-22 11:18:35,2025-01-24 23:59:57
ios,03A5FF296AA24DA8BE15559FB7D00497,241238031,2024-08-06 05:49:28,2025-01-24 23:59:57
ios,E911F3FF63AB4AB4B084731838C040A9,241238031,2024-08-06 05:42:41,2025-01-24 23:59:57
ios,623C74921A28413583A451A8D175E0DF,241238031,2024-08-06 05:29:07,2025-01-24 23:59:57
ios,F3493E3F960C4375AFDFF9A23C1884A7,241238031,2024-07-07 04:07:40,2025-01-24 23:59:57
ios,97B602F6B0C1438FB2E45B959BFB28C5,241238031,2024-06-22 07:58:14,2025-01-24 23:59:57
ios,61066F9A82D5434EB3C30D74BFBD7A8A,241238031,2024-06-20 07:48:34,2025-01-24 23:59:57
ios,66091C3FF13646F9B8DFF35FFD2B6E1D,241238031,2024-06-20 07:46:08,2025-01-24 23:59:57
ios,4534836CB4094EE1BA6B5720572DF593,241238031,2024-06-06 06:27:32,2025-01-24 23:59:57
ios,DB27455B16DB49198EDC1D9A98517721,241238031,2024-06-06 06:21:59,2025-01-24 23:59:57
ios,C76032EAC3594636BBECBF9D3660DD5E,241238031,2024-06-06 06:21:56,2025-01-24 23:59:57
ios,C09AEBE894C84429A8A7F6B0C67ADC20,241238031,2024-03-24 11:29:58,2025-01-24 23:59:57
ios,99139FC49F8643A1B69494899058A7AD,241238031,2024-03-19 14:51:01,2025-01-24 23:59:57
ios,C537F6D484FF4C8FA10ABFE3E20BA71F,241238031,2024-03-19 14:49:30,2025-01-24 23:59:57
ios,28D85FED87D14DCDA67076765451A366,241238031,2023-11-27 03:52:45,2025-01-24 23:59:57
ios,5FE8A433337B48B0B3EAFC1AA200524F,241238031,2023-11-24 02:19:33,2025-01-24 23:59:57
ios,4F0AB32C489F4F48826C81DEE0184F68,241238031,2023-11-24 02:19:27,2025-01-24 23:59:57
ios,F7C7ADDD0BA94A6BB0A1131752885F50,241238031,2023-10-25 05:43:12,2025-01-24 23:59:57
ios,F4390837ACFD4F449AA898473155A96A,241238031,2023-10-16 13:23:05,2025-01-24 23:59:57
ios,67453CBE368B42ABA5E3017A051BCE63,241238031,2023-09-19 03:19:43,2025-01-24 23:59:57
ios,D26D789B6F834F47BF415422C6BED5D9,241238031,2023-09-13 04:10:09,2025-01-24 23:59:57
ios,B34E2423ECD847C590066EC20FC1F811,241238031,2023-09-13 04:08:04,2025-01-24 23:59:57
ios,8924A67155804BB8A37548865F6280D0,241238031,2023-08-30 01:41:45,2025-01-24 23:59:57
ios,0E297F86692F466FA725D3BB2ECCCE29,241238031,2023-06-11 03:46:59,2025-01-24 23:59:57
ios,779A655E16714E17A770D3D5CD0DDCB1,241238031,2023-06-11 03:45:38,2025-01-24 23:59:57
ios,92F1F2E54152446197F433C8FB8A6BDA,241238031,2023-02-24 07:18:10,2025-01-24 23:59:57
ios,3493DF93AD1044588C3C26F7ADFC3E10,292079253,2024-08-02 16:22:38,2025-01-25 00:00:46
ios,48403BEAE29049C0B21015FF7BB29F9C,265333671,2023-05-28 03:05:34,2025-01-25 01:36:27
ios,3BD37BC47167409790DBC6696876F91C,294055229,2024-09-20 16:44:30,2025-01-25 03:00:48
ios,08DA621A0C134988B9218D4BBAAEC8A3,294055229,2024-09-17 16:00:46,2025-01-25 03:00:48
ios,342FC2EFC6354E6BA654028A77DE8DE2,294055229,2024-09-10 12:28:33,2025-01-25 03:00:48
ios,5C344BD1D4AE46E5B744C92481C01501,297267991,2025-01-24 20:48:49,2025-01-25 03:00:48
ios,938511C1642D4DD29F826C38B97D8F96,297267991,2025-01-16 17:34:03,2025-01-25 03:00:48
ios,E2C879F84F0C417E9D78C58414C91867,297267991,2025-01-11 19:09:09,2025-01-25 03:00:48
ios,81084DFB505A4BB190CC4A83FEA5192C,297267991,2025-01-11 19:08:48,2025-01-25 03:00:48
ios,3EED29332B544C91ACAE8C18FDECE851,297267991,2025-01-11 19:06:04,2025-01-25 03:00:48
ios,356635F19B4E4893BC998443B74EA6FB,297267991,2024-12-24 21:19:09,2025-01-25 03:00:48
ios,029C6C24A0DA4EC392B1148EB6B86C79,297267991,2024-12-17 20:46:46,2025-01-25 03:00:48
ios,17FB916263434F3E8AB6C536733C9C35,297267991,2024-12-17 18:23:26,2025-01-25 03:00:48
ios,192D5F0CCEB6444EBE5D0EF1D6414224,297267991,2024-12-17 18:22:44,2025-01-25 03:00:48
ios,2A8021A9B1E541809B10E9B910D35034,297267991,2024-12-12 11:51:00,2025-01-25 03:00:48
ios,F877FAA619644C1DBBD36483721E8198,297267991,2024-12-03 23:24:51,2025-01-25 03:00:48
ios,B22BB55D1783445F962B462E62F69DD0,297267991,2024-10-21 18:11:06,2025-01-25 03:00:48
ios,969BCF79C25844F89313B198042317C6,297267991,2024-10-21 16:11:46,2025-01-25 03:00:48
ios,A4837BE229574ABF83AD1B64F67D9FBC,300311839,2024-12-03 22:59:06,2025-01-25 03:00:48
ios,C269C87A13594C728C0F978259381E34,300311839,2024-12-03 22:59:00,2025-01-25 03:00:48
ios,BACA6A4E54764482824663E9CDECF8D3,118789341,2023-01-24 04:54:05,2025-01-25 06:44:25
ios,5301B00B9BD149438EA4D6E10400A6DD,118789341,2021-05-24 06:02:54,2025-01-25 06:44:25
ios,75303886BA7E47AC86BC0A4B0937A777,264215218,2025-01-25 06:12:13,2025-01-25 06:44:25
ios,F8BE32765D654CAB885F94196CE7D578,264215218,2025-01-25 05:19:26,2025-01-25 06:44:25
ios,DF58A88AD26E47D98F7F8ADBCF509ED0,264215218,2025-01-25 05:18:52,2025-01-25 06:44:25
ios,907A2AB8184840588ACD552380F1ECD5,264215218,2025-01-24 21:08:19,2025-01-25 06:44:25
ios,BB9C9E4952CA4421B20298F0325EBD6D,264215218,2025-01-24 20:49:39,2025-01-25 06:44:25
ios,FAC4BD865F754E15B3B2E14D78D318BC,264215218,2025-01-24 20:49:19,2025-01-25 06:44:25
ios,03DF908817FB45BBACCCECD8261CFBD1,264215218,2024-08-01 06:41:24,2025-01-25 06:44:25
ios,C59D19E956A44DDD97E7EAA3FB89DD8E,212819264,2022-07-26 13:51:04,2025-01-25 08:59:33
ios,700B2A3519304CA59F78A4F274C4406D,212819264,2022-03-26 15:53:52,2025-01-25 08:59:33
ios,CBC54CAAA3224F44952895047515F8D3,212819264,2022-03-08 05:58:17,2025-01-25 08:59:33
ios,9E1013247DFD49698140425ED0A5C96D,212819264,2022-01-15 20:51:34,2025-01-25 08:59:33
ios,4B142A50E7194FFABBA64C220EF34968,212819264,2021-10-17 10:17:44,2025-01-25 08:59:33
ios,C5373317FF9A4E8E8951D8DA1EA68390,212819264,2021-05-28 06:42:25,2025-01-25 08:59:33
ios,33FAB7DBFC0A46A794D7537221509097,212819264,2021-05-25 10:41:36,2025-01-25 08:59:33
ios,A1F4308CC13740639309A25D3427D886,212819264,2021-05-09 10:33:29,2025-01-25 08:59:33
ios,7ACC313B50144BF9A1E1CB3B4C99875A,212819264,2021-03-27 14:13:31,2025-01-25 08:59:33
ios,145E4DAEF92348188350499F5B48BB11,212819264,2021-03-25 01:57:52,2025-01-25 08:59:33
ios,101F3B7C13414F7F8B96640BB219BCB2,255468086,2025-01-25 03:03:03,2025-01-25 08:59:33
ios,DDCA7A8708E949078B227CF8FBB29AA2,255468086,2025-01-25 02:51:40,2025-01-25 08:59:33
ios,A23FA813A9A94E69BA7812BCFB03D6EB,255468086,2024-12-10 20:49:13,2025-01-25 08:59:33
ios,9C041C34EA6D48B19AD7F22162E83F4D,255468086,2024-11-01 15:55:19,2025-01-25 08:59:33
ios,7C69158857F14B33AD828D1F49673A6A,255468086,2024-03-03 21:19:41,2025-01-25 08:59:33
ios,2E8B4A6FFA824503896268A5251F90B4,285633887,2025-01-25 03:33:49,2025-01-25 09:33:35
ios,6C368B0E436D4ABB8C6346FE0693D6B9,303816848,2025-01-25 10:12:23,2025-01-25 17:05:04
ios,D84BC0BFF725481C8D6A874E0322F7B2,303816848,2025-01-25 10:12:21,2025-01-25 17:05:04
ios,A92423FD065D40E5842EAFF02DCE93B0,222989932,2023-11-11 01:34:28,2025-01-26 02:34:34
ios,65ED623D7B404EC29A611C00C6CB66A9,222989932,2022-02-01 12:41:23,2025-01-26 02:34:34
ios,DF05238FD9344D2986992F7BE1DE6ED8,278128304,2024-04-17 01:52:14,2025-01-26 02:34:34
ios,970745224B52467F8BECFACBF4629BC6,225313849,2024-07-08 13:58:12,2025-01-26 21:39:19
ios,78B120184D2E453BB1ABECD2033BB740,225313849,2023-10-07 19:25:24,2025-01-26 21:39:19
ios,510379B9B3B949B181E62859D4A6C318,225313849,2023-10-07 19:25:20,2025-01-26 21:39:19
ios,464B20153EDC4902A3E8737591196253,225313849,2023-10-07 19:25:02,2025-01-26 21:39:19
ios,CCDD41463E9845919B427DA78C3B152C,225313849,2023-07-19 17:03:53,2025-01-26 21:39:19
ios,110545138AED40A8BCEFFCD4257AF78E,225313849,2023-07-09 19:15:05,2025-01-26 21:39:19
ios,D740BF061B7D4BB7B4100E74D6E2C9DC,225313849,2023-06-28 03:52:35,2025-01-26 21:39:19
ios,CEA876DD3FCB4A9E9CFED27618457CDD,225313849,2023-06-28 03:48:34,2025-01-26 21:39:19
ios,D841328972444B8C8339DCBDA632D9D4,225313849,2023-02-16 18:42:32,2025-01-26 21:39:19
ios,3F772130B2BE4A18A45B513F7A0C85C5,293575411,2024-11-26 17:17:46,2025-01-26 21:39:19
ios,FABD9643BF1548699B321E15549CFFD2,263468398,2023-07-23 12:36:23,2025-01-27 11:01:17
ios,A03BD07FB8564BC99DD2673EC8DB0C7E,263468398,2023-07-11 14:43:43,2025-01-27 11:01:17
ios,5C8703E9D1B549BB8DE4966307ECFBA6,263468398,2023-07-06 19:03:44,2025-01-27 11:01:17
ios,8EBF815305F64491B7FEC77F5BC22618,263468398,2023-07-06 18:03:41,2025-01-27 11:01:17
ios,F2E3D35CAFEC4936B7CEF6A89E05186B,263468398,2023-07-05 05:52:31,2025-01-27 11:01:17
ios,B6F88F7424E64DA3ABCF059F1ED5DFC6,263468398,2023-05-22 12:26:21,2025-01-27 11:01:17
ios,56F32F54C6ED474D82A767B2FF662899,268365797,2023-09-16 19:00:04,2025-01-27 11:01:17
ios,CDE7411C2B144CA6A2A1312D00F15943,268365797,2023-09-16 18:58:18,2025-01-27 11:01:17
ios,CACBECC358684746A8E8C5F83FFDC0AE,268365797,2023-08-09 04:28:02,2025-01-27 11:01:17
ios,708360DA08424B1FA84017F04F5F754A,268365797,2023-08-09 04:26:56,2025-01-27 11:01:17
ios,A9A57B5E6F544F9DAE92CD6CEF226907,302666773,2025-01-07 11:41:31,2025-01-28 00:41:35
ios,10A3BD412A02444F817F4D25A796A584,302666773,2025-01-07 11:37:12,2025-01-28 00:41:35
